filename,lat,lon,distrito,zona,status,pool_count
sp_RIO PEQUENO_ZEIS_1_00000.png,-23.57454967514277,-46.75857967949296,RIO PEQUENO,ZEIS_1,already_exists,0
sp_RIO PEQUENO_ZEIS_1_00001.png,-23.57932736438978,-46.77717807770305,RIO PEQUENO,ZEIS_1,success,0
sp_RIO PEQUENO_ZEIS_1_00002.png,-23.56095330560062,-46.74429293800888,RIO PEQUENO,ZEIS_1,success,0
sp_RIO PEQUENO_ZEIS_2_00003.png,-23.56005546901835,-46.744369952828976,RIO PEQUENO,ZEIS_2,success,0
sp_RIO PEQUENO_ZM_u_00004.png,-23.56692327794814,-46.75895798595796,RIO PEQUENO,ZM_u,success,1
sp_RIO PEQUENO_ZM_u_00005.png,-23.56068151357017,-46.754461810729815,RIO PEQUENO,ZM_u,success,0
sp_RIO PEQUENO_ZM_u_00006.png,-23.57880141824476,-46.75292634814563,RIO PEQUENO,ZM_u,success,0
sp_RIO PEQUENO_ZM_u_00007.png,-23.57405136120443,-46.74967922008598,RIO PEQUENO,ZM_u,success,1
sp_RIO PEQUENO_ZM_u_00008.png,-23.57770983055078,-46.76464718179687,RIO PEQUENO,ZM_u,success,0
sp_RIO PEQUENO_ZM_u_00009.png,-23.561122620124223,-46.75776612680746,RIO PEQUENO,ZM_u,success,9
sp_RIO PEQUENO_ZM_u_00010.png,-23.55910844744005,-46.75891862516906,RIO PEQUENO,ZM_u,success,0
sp_RIO PEQUENO_ZM_u_00011.png,-23.56837576302757,-46.74911504308086,RIO PEQUENO,ZM_u,success,0
sp_RIO PEQUENO_ZM_u_00012.png,-23.56308099627144,-46.76212487579682,RIO PEQUENO,ZM_u,success,0
sp_CIDADE TIRADENTES_ZEIS_1_00013.png,-23.571795103465487,-46.38537023234594,CIDADE TIRADENTES,ZEIS_1,success,0
sp_CIDADE TIRADENTES_ZEIS_1_00014.png,-23.573595806334776,-46.395851024692575,CIDADE TIRADENTES,ZEIS_1,success,1
sp_CIDADE TIRADENTES_ZEIS_1_00015.png,-23.57041791952584,-46.41069316684275,CIDADE TIRADENTES,ZEIS_1,success,0
sp_CIDADE TIRADENTES_ZEIS_1_00016.png,-23.586987937184595,-46.39644730196826,CIDADE TIRADENTES,ZEIS_1,success,0
sp_CIDADE TIRADENTES_ZEIS_1_00017.png,-23.58442279807423,-46.383603609055406,CIDADE TIRADENTES,ZEIS_1,success,0
sp_CIDADE TIRADENTES_ZEIS_1_00018.png,-23.587131836088933,-46.38363201572317,CIDADE TIRADENTES,ZEIS_1,success,0
sp_CIDADE TIRADENTES_ZEIS_1_00019.png,-23.581687555345564,-46.386514449818726,CIDADE TIRADENTES,ZEIS_1,success,0
sp_CIDADE TIRADENTES_ZEIS_1_00020.png,-23.585036262813976,-46.413606517358566,CIDADE TIRADENTES,ZEIS_1,success,0
sp_CIDADE TIRADENTES_ZEIS_1_00021.png,-23.57692798367707,-46.41153206508219,CIDADE TIRADENTES,ZEIS_1,success,0
sp_CIDADE TIRADENTES_ZEIS_1_00022.png,-23.57113711561812,-46.42067848773488,CIDADE TIRADENTES,ZEIS_1,success,1
sp_CIDADE TIRADENTES_ZEIS_2_00023.png,-23.563370717601423,-46.412218762286166,CIDADE TIRADENTES,ZEIS_2,success,0
sp_CIDADE TIRADENTES_ZEIS_2_00024.png,-23.575122440359348,-46.38557728724628,CIDADE TIRADENTES,ZEIS_2,success,0
sp_CIDADE TIRADENTES_ZMIS_a_00025.png,-23.576640271237988,-46.39363639563573,CIDADE TIRADENTES,ZMIS_a,success,0
sp_CIDADE TIRADENTES_ZMIS_a_00026.png,-23.59154619777964,-46.39430880298287,CIDADE TIRADENTES,ZMIS_a,success,0
sp_CIDADE TIRADENTES_ZMIS_a_00027.png,-23.58943009886461,-46.40388325409315,CIDADE TIRADENTES,ZMIS_a,success,0
sp_CIDADE TIRADENTES_ZMIS_a_00028.png,-23.582250590492805,-46.39673687103072,CIDADE TIRADENTES,ZMIS_a,success,0
sp_CIDADE TIRADENTES_ZMIS_a_00029.png,-23.59474270284609,-46.41472006396875,CIDADE TIRADENTES,ZMIS_a,success,0
sp_CIDADE TIRADENTES_ZMIS_a_00030.png,-23.595455156032564,-46.398091532416416,CIDADE TIRADENTES,ZMIS_a,success,0
sp_CIDADE TIRADENTES_ZMIS_a_00031.png,-23.59517619437507,-46.41136586895181,CIDADE TIRADENTES,ZMIS_a,success,0
sp_CIDADE TIRADENTES_ZMIS_a_00032.png,-23.596951357967185,-46.39329204751675,CIDADE TIRADENTES,ZMIS_a,success,0
sp_CIDADE TIRADENTES_ZMIS_a_00033.png,-23.601376479345102,-46.39298615622184,CIDADE TIRADENTES,ZMIS_a,success,1
sp_CIDADE TIRADENTES_ZMIS_a_00034.png,-23.59803218093809,-46.39115471417977,CIDADE TIRADENTES,ZMIS_a,success,0
sp_CIDADE TIRADENTES_ZMIS_a_00035.png,-23.60955883348331,-46.39844167310756,CIDADE TIRADENTES,ZMIS_a,success,0
sp_CIDADE TIRADENTES_ZMIS_a_00036.png,-23.58699003556304,-46.395769767789055,CIDADE TIRADENTES,ZMIS_a,success,0
sp_CIDADE TIRADENTES_ZMIS_a_00037.png,-23.6088552693976,-46.40153620441434,CIDADE TIRADENTES,ZMIS_a,success,0
sp_CIDADE TIRADENTES_ZMIS_a_00038.png,-23.59895692698743,-46.3936220808255,CIDADE TIRADENTES,ZMIS_a,success,0
sp_CIDADE TIRADENTES_ZMIS_a_00039.png,-23.60010071981925,-46.40433989670896,CIDADE TIRADENTES,ZMIS_a,success,0
sp_CIDADE TIRADENTES_ZMIS_a_00040.png,-23.60499269405967,-46.39951525573747,CIDADE TIRADENTES,ZMIS_a,success,0
sp_CIDADE TIRADENTES_ZMIS_a_00041.png,-23.586968175630137,-46.39024549987121,CIDADE TIRADENTES,ZMIS_a,success,0
sp_CIDADE TIRADENTES_ZM_a_00042.png,-23.59780363552357,-46.40636268024437,CIDADE TIRADENTES,ZM_a,success,0
sp_CIDADE TIRADENTES_ZM_a_00043.png,-23.57588919073486,-46.410667651056,CIDADE TIRADENTES,ZM_a,success,0
sp_JARDIM SAO LUIS_ZEIS_1_00044.png,-23.6784082148487,-46.74947536679425,JARDIM SAO LUIS,ZEIS_1,success,0
sp_JARDIM SAO LUIS_ZEIS_1_00045.png,-23.6812161785619,-46.74068857373387,JARDIM SAO LUIS,ZEIS_1,success,0
sp_JARDIM SAO LUIS_ZEIS_1_00046.png,-23.68395775744441,-46.73778344634516,JARDIM SAO LUIS,ZEIS_1,success,0
sp_JARDIM SAO LUIS_ZEIS_1_00047.png,-23.68660016357831,-46.743701463413394,JARDIM SAO LUIS,ZEIS_1,success,0
sp_JARDIM SAO LUIS_ZEIS_1_00048.png,-23.70403589259756,-46.74696749012495,JARDIM SAO LUIS,ZEIS_1,success,1
sp_JARDIM SAO LUIS_ZEIS_1_00049.png,-23.65841281898105,-46.749901936882914,JARDIM SAO LUIS,ZEIS_1,success,0
sp_JARDIM SAO LUIS_ZEIS_1_00050.png,-23.655168757095662,-46.727729939799886,JARDIM SAO LUIS,ZEIS_1,success,0
sp_JARDIM SAO LUIS_ZEIS_1_00051.png,-23.6625298611758,-46.742077465294734,JARDIM SAO LUIS,ZEIS_1,success,1
sp_JARDIM SAO LUIS_ZEIS_1_00052.png,-23.673231274868083,-46.7539841902536,JARDIM SAO LUIS,ZEIS_1,success,0
sp_JARDIM SAO LUIS_ZEIS_1_00053.png,-23.665172161862323,-46.74799456186421,JARDIM SAO LUIS,ZEIS_1,success,0
sp_JARDIM SAO LUIS_ZEIS_1_00054.png,-23.65995310213152,-46.730279594859056,JARDIM SAO LUIS,ZEIS_1,success,0
sp_JARDIM SAO LUIS_ZEIS_1_00055.png,-23.673264549779947,-46.751043422483846,JARDIM SAO LUIS,ZEIS_1,success,0
sp_JARDIM SAO LUIS_ZEIS_1_00056.png,-23.66527144645237,-46.73917275504928,JARDIM SAO LUIS,ZEIS_1,success,0
sp_JARDIM SAO LUIS_ZEIS_1_00057.png,-23.66456359519418,-46.75916549517344,JARDIM SAO LUIS,ZEIS_1,success,0
sp_JARDIM SAO LUIS_ZEIS_1_00058.png,-23.65917990412937,-46.75615256094641,JARDIM SAO LUIS,ZEIS_1,success,0
sp_JARDIM SAO LUIS_ZEIS_2_00059.png,-23.661264882060816,-46.73771621604886,JARDIM SAO LUIS,ZEIS_2,success,0
sp_JARDIM SAO LUIS_ZEIS_3_00060.png,-23.65765801516212,-46.72532263969487,JARDIM SAO LUIS,ZEIS_3,success,0
sp_JARDIM SAO LUIS_ZER_a_00061.png,-23.68934822958416,-46.75035993371303,JARDIM SAO LUIS,ZER_a,success,0
sp_JARDIM SAO LUIS_ZER_a_00062.png,-23.69689826217036,-46.751256820919885,JARDIM SAO LUIS,ZER_a,success,1
sp_JARDIM SAO LUIS_ZM_u_00063.png,-23.682908643203618,-46.74067769946106,JARDIM SAO LUIS,ZM_u,success,0
sp_JARDIM SAO LUIS_ZM_u_00064.png,-23.654430122987524,-46.75332756464337,JARDIM SAO LUIS,ZM_u,success,0
sp_JARDIM SAO LUIS_ZM_u_00065.png,-23.645237416049994,-46.748740059156745,JARDIM SAO LUIS,ZM_u,success,0
sp_PONTE RASA_ZEIS_1_00066.png,-23.50776678045528,-46.48593501130898,PONTE RASA,ZEIS_1,success,0
sp_PONTE RASA_ZM_u_00067.png,-23.523941685483333,-46.483377377418506,PONTE RASA,ZM_u,success,0
sp_LIBERDADE_ZEIS_3_00068.png,-23.558985155348697,-46.62649575549511,LIBERDADE,ZEIS_3,success,0
sp_LIBERDADE_ZM_u_00069.png,-23.5652419424512,-46.633877925677616,LIBERDADE,ZM_u,success,0
sp_LIBERDADE_ZM_u_00070.png,-23.56623696367212,-46.62836098868532,LIBERDADE,ZM_u,success,2
sp_VILA PRUDENTE_ZEIS_1_00071.png,-23.59382286673293,-46.5824067135141,VILA PRUDENTE,ZEIS_1,success,0
sp_VILA PRUDENTE_ZEIS_3_00072.png,-23.59917535363977,-46.5783863645241,VILA PRUDENTE,ZEIS_3,success,0
sp_VILA PRUDENTE_ZM_u_00073.png,-23.6008081062961,-46.55977614562558,VILA PRUDENTE,ZM_u,success,0
sp_VILA PRUDENTE_ZM_u_00074.png,-23.597322292660447,-46.57236891041177,VILA PRUDENTE,ZM_u,success,0
sp_CACHOEIRINHA_ZEIS_1_00075.png,-23.48050101669341,-46.66572269173613,CACHOEIRINHA,ZEIS_1,success,1
sp_CACHOEIRINHA_ZEIS_1_00076.png,-23.463451764707813,-46.654284415742346,CACHOEIRINHA,ZEIS_1,success,0
sp_CACHOEIRINHA_ZEIS_1_00077.png,-23.46280147183668,-46.66361539807925,CACHOEIRINHA,ZEIS_1,success,2
sp_CACHOEIRINHA_ZEIS_1_00078.png,-23.460092744355418,-46.66358144640182,CACHOEIRINHA,ZEIS_1,success,1
sp_CACHOEIRINHA_ZEIS_1_00079.png,-23.454706570188907,-46.66057751265399,CACHOEIRINHA,ZEIS_1,success,0
sp_CACHOEIRINHA_ZER_a_00080.png,-23.441102463117858,-46.66798140243991,CACHOEIRINHA,ZER_a,success,0
sp_CACHOEIRINHA_ZM_u_00081.png,-23.470000793355823,-46.65879955570736,CACHOEIRINHA,ZM_u,success,0
sp_SAO LUCAS_ZEIS_1_00082.png,-23.611622568298465,-46.53864733195961,SAO LUCAS,ZEIS_1,success,1
sp_SAO LUCAS_ZEIS_2_00083.png,-23.60813803657278,-46.53970866705775,SAO LUCAS,ZEIS_2,success,0
sp_SAO LUCAS_ZM_u_00084.png,-23.58593911049104,-46.53653861167367,SAO LUCAS,ZM_u,success,0
sp_SAO LUCAS_ZM_u_00085.png,-23.602801953182222,-46.548891664848,SAO LUCAS,ZM_u,success,1
sp_CAMBUCI_ZM_u_00086.png,-23.56300176812456,-46.60958095566015,CAMBUCI,ZM_u,success,0
sp_CAMBUCI_ZM_u_00087.png,-23.557861374251203,-46.61057984424618,CAMBUCI,ZM_u,success,1
sp_CAMBUCI_ZM_u_00088.png,-23.5628368072582,-46.61317175342329,CAMBUCI,ZM_u,success,0
sp_VILA MARIA_ZEIS_1_00089.png,-23.51893109332468,-46.55793678540617,VILA MARIA,ZEIS_1,success,0
sp_VILA MARIA_ZEIS_1_00090.png,-23.52009228993193,-46.57479254665857,VILA MARIA,ZEIS_1,success,0
sp_VILA MARIA_ZEIS_1_00091.png,-23.52023388035204,-46.572026482175495,VILA MARIA,ZEIS_1,success,0
sp_VILA MARIA_ZEIS_2_00092.png,-23.52548801495537,-46.57892780739432,VILA MARIA,ZEIS_2,success,0
sp_VILA MARIA_ZEIS_2_00093.png,-23.508127096782594,-46.56159678468126,VILA MARIA,ZEIS_2,success,0
sp_VILA MARIA_ZEIS_2_00094.png,-23.508116696020373,-46.55960388192096,VILA MARIA,ZEIS_2,success,0
sp_VILA MARIA_ZEIS_2_00095.png,-23.500868148951543,-46.56164095115908,VILA MARIA,ZEIS_2,success,0
sp_VILA MARIA_ZEIS_2_00096.png,-23.51121615714545,-46.559950834323445,VILA MARIA,ZEIS_2,success,0
sp_VILA MARIA_ZEMP_00097.png,-23.52342029212366,-46.581677977598105,VILA MARIA,ZEMP,success,1
sp_ALTO DE PINHEIROS_ZER_1_00098.png,-23.54949351480637,-46.71662108983647,ALTO DE PINHEIROS,ZER_1,success,0
sp_SAO MIGUEL_ZEIS_1_00099.png,-23.487835889167567,-46.45138997638247,SAO MIGUEL,ZEIS_1,success,0
sp_SAO MIGUEL_ZEIS_1_00100.png,-23.52433480374622,-46.44246000330148,SAO MIGUEL,ZEIS_1,success,1
sp_SAO MIGUEL_ZM_u_00101.png,-23.497842056623508,-46.44899170474256,SAO MIGUEL,ZM_u,success,1
sp_VILA SONIA_ZEIS_1_00102.png,-23.592554677863088,-46.750904262459706,VILA SONIA,ZEIS_1,success,0
sp_VILA SONIA_ZEIS_1_00103.png,-23.609207551396427,-46.72775204563541,VILA SONIA,ZEIS_1,success,1
sp_VILA SONIA_ZEIS_2_00104.png,-23.59229644969968,-46.7475200029871,VILA SONIA,ZEIS_2,success,1
sp_VILA SONIA_ZM_a_00105.png,-23.593026790604547,-46.75732594617669,VILA SONIA,ZM_a,success,0
sp_VILA SONIA_ZM_a_00106.png,-23.58512517313692,-46.74487074247549,VILA SONIA,ZM_a,success,0
sp_VILA SONIA_ZM_a_00107.png,-23.59544590028525,-46.74982254327754,VILA SONIA,ZM_a,success,1
sp_VILA SONIA_ZM_a_00108.png,-23.592210192736864,-46.74449245533022,VILA SONIA,ZM_a,success,0
sp_VILA SONIA_ZM_u_00109.png,-23.600566202968576,-46.72869128496773,VILA SONIA,ZM_u,success,0
sp_VILA SONIA_ZM_u_00110.png,-23.614317593749306,-46.73719190168413,VILA SONIA,ZM_u,success,0
sp_VILA SONIA_ZM_u_00111.png,-23.5975400455023,-46.72905948102496,VILA SONIA,ZM_u,success,0
sp_VILA SONIA_ZM_u_00112.png,-23.585484818775445,-46.73913767044089,VILA SONIA,ZM_u,success,0
sp_VILA SONIA_ZM_u_00113.png,-23.600140650251003,-46.726017997123535,VILA SONIA,ZM_u,success,4
sp_VILA SONIA_ZM_u_00114.png,-23.604719997501228,-46.72839744898668,VILA SONIA,ZM_u,success,1
sp_VILA SONIA_ZM_u_00115.png,-23.607509311663915,-46.73446934615095,VILA SONIA,ZM_u,success,0
sp_MOEMA_ZM_u_00116.png,-23.57572837713773,-46.65243291594426,MOEMA,ZM_u,success,0
sp_IGUATEMI_ZEIS_1_00117.png,-23.609972928475976,-46.41629367546557,IGUATEMI,ZEIS_1,success,0
sp_IGUATEMI_ZEIS_1_00118.png,-23.619352863889755,-46.43244835623992,IGUATEMI,ZEIS_1,success,0
sp_IGUATEMI_ZEIS_1_00119.png,-23.60552755977267,-46.430993967886565,IGUATEMI,ZEIS_1,success,0
sp_IGUATEMI_ZEIS_1_00120.png,-23.59766126569752,-46.4237861837959,IGUATEMI,ZEIS_1,success,0
sp_IGUATEMI_ZEIS_1_00121.png,-23.59649466379092,-46.4460029719702,IGUATEMI,ZEIS_1,success,0
sp_IGUATEMI_ZEIS_1_00122.png,-23.59460440801783,-46.41999802646356,IGUATEMI,ZEIS_1,success,0
sp_IGUATEMI_ZEIS_1_00123.png,-23.613821178321924,-46.44726365365425,IGUATEMI,ZEIS_1,success,0
sp_IGUATEMI_ZEIS_1_00124.png,-23.608430650111973,-46.44426439587178,IGUATEMI,ZEIS_1,success,0
sp_IGUATEMI_ZEIS_1_00125.png,-23.60298535636156,-46.44714467826528,IGUATEMI,ZEIS_1,success,0
sp_IGUATEMI_ZEIS_1_00126.png,-23.618957011577155,-46.41752253831319,IGUATEMI,ZEIS_1,success,0
sp_IGUATEMI_ZEIS_1_00127.png,-23.621719609458747,-46.41167149420275,IGUATEMI,ZEIS_1,success,0
sp_IGUATEMI_ZEIS_1_00128.png,-23.618983841622384,-46.414582503478776,IGUATEMI,ZEIS_1,success,1
sp_IGUATEMI_ZEIS_1_00129.png,-23.61553827186877,-46.426152369352906,IGUATEMI,ZEIS_1,success,0
sp_IGUATEMI_ZEIS_1_00130.png,-23.607357207389416,-46.43194394507334,IGUATEMI,ZEIS_1,success,0
sp_IGUATEMI_ZEIS_1_00131.png,-23.612748000245315,-46.43494268546954,IGUATEMI,ZEIS_1,success,0
sp_IGUATEMI_ZEIS_2_00132.png,-23.59910483478573,-46.43433362179304,IGUATEMI,ZEIS_2,success,0
sp_IGUATEMI_ZEIS_2_00133.png,-23.6017063076864,-46.44457024060563,IGUATEMI,ZEIS_2,success,0
sp_IGUATEMI_ZEIS_2_00134.png,-23.601403968793083,-46.448800506210254,IGUATEMI,ZEIS_2,success,0
sp_IGUATEMI_ZEIS_2_00135.png,-23.609099555895384,-46.41472172994442,IGUATEMI,ZEIS_2,success,0
sp_IGUATEMI_ZEIS_2_00136.png,-23.600945758310168,-46.41757415053402,IGUATEMI,ZEIS_2,success,0
sp_IGUATEMI_ZEIS_2_00137.png,-23.60731998487234,-46.43981897973382,IGUATEMI,ZEIS_2,success,0
sp_IGUATEMI_ZEIS_2_00138.png,-23.609826483175585,-46.42776790514266,IGUATEMI,ZEIS_2,success,0
sp_IGUATEMI_ZEIS_2_00139.png,-23.60737651192848,-46.43779847167804,IGUATEMI,ZEIS_2,success,0
sp_IGUATEMI_ZEIS_2_00140.png,-23.60315079412031,-46.45521665956327,IGUATEMI,ZEIS_2,success,0
sp_IGUATEMI_ZEIS_5_00141.png,-23.596696385810336,-46.426977446698864,IGUATEMI,ZEIS_5,success,0
sp_IGUATEMI_ZM_a_00142.png,-23.6201650604028,-46.42011342878515,IGUATEMI,ZM_a,success,0
sp_IGUATEMI_ZM_a_00143.png,-23.600855140546784,-46.45054980412935,IGUATEMI,ZM_a,success,0
sp_IGUATEMI_ZM_a_00144.png,-23.6016138993064,-46.42329413289929,IGUATEMI,ZM_a,success,0
sp_ITAQUERA_ZEIS_1_00145.png,-23.5250519708194,-46.47245064446154,ITAQUERA,ZEIS_1,success,0
sp_ITAQUERA_ZEIS_1_00146.png,-23.527871671695863,-46.460729027355406,ITAQUERA,ZEIS_1,success,0
sp_ITAQUERA_ZEIS_1_00147.png,-23.52245373528644,-46.46066922240989,ITAQUERA,ZEIS_1,success,0
sp_ITAQUERA_ZEIS_1_00148.png,-23.52970096811971,-46.46086252744305,ITAQUERA,ZEIS_1,success,0
sp_LAJEADO_ZEIS_1_00149.png,-23.532541342898845,-46.42177644057302,LAJEADO,ZEIS_1,success,0
sp_LAJEADO_ZEIS_1_00150.png,-23.532568160995005,-46.41883833470734,LAJEADO,ZEIS_1,success,0
sp_LAJEADO_ZEIS_1_00151.png,-23.52780601672936,-46.39418077413217,LAJEADO,ZEIS_1,success,0
sp_LAJEADO_ZEIS_1_00152.png,-23.52514949235447,-46.3882762763313,LAJEADO,ZEIS_1,success,0
sp_LAJEADO_ZEIS_1_00153.png,-23.536168539303137,-46.40888061831051,LAJEADO,ZEIS_1,success,0
sp_LAJEADO_ZEIS_1_00154.png,-23.53075048528104,-46.40882291290136,LAJEADO,ZEIS_1,success,0
sp_LAJEADO_ZEIS_1_00155.png,-23.52060800394556,-46.42725798165628,LAJEADO,ZEIS_1,success,0
sp_LAJEADO_ZEIS_1_00156.png,-23.54133239732324,-46.39926819793985,LAJEADO,ZEIS_1,success,0
sp_LAJEADO_ZEIS_1_00157.png,-23.544120483393097,-46.39048168506533,LAJEADO,ZEIS_1,success,0
sp_LAJEADO_ZEIS_1_00158.png,-23.52765575712108,-46.431375029179634,LAJEADO,ZEIS_1,success,0
sp_LAJEADO_ZEIS_1_00159.png,-23.530594165546585,-46.3976600160452,LAJEADO,ZEIS_1,success,0
sp_LAJEADO_ZEIS_2_00160.png,-23.530889613436702,-46.42769166308951,LAJEADO,ZEIS_2,success,0
sp_LAJEADO_ZEIS_2_00161.png,-23.53721573394868,-46.423264505650565,LAJEADO,ZEIS_2,success,0
sp_LAJEADO_ZM_u_00162.png,-23.54406960201389,-46.398791101532105,LAJEADO,ZM_u,success,0
sp_LAJEADO_ZM_u_00163.png,-23.53030438227407,-46.40545994936009,LAJEADO,ZM_u,success,0
sp_LAJEADO_ZM_u_00164.png,-23.540500474644904,-46.40354954939002,LAJEADO,ZM_u,success,0
sp_LAJEADO_ZM_u_00165.png,-23.547704021863908,-46.39752081672774,LAJEADO,ZM_u,success,0
sp_CAMPO GRANDE_ZEIS_3_00166.png,-23.690154141306795,-46.68727329551738,CAMPO GRANDE,ZEIS_3,success,0
sp_CAMPO GRANDE_ZM_u_00167.png,-23.688188090481333,-46.67443126966353,CAMPO GRANDE,ZM_u,success,0
sp_CAMPO GRANDE_ZM_u_00168.png,-23.658989118843312,-46.68939832382752,CAMPO GRANDE,ZM_u,success,0
sp_CAMPO GRANDE_ZM_u_00169.png,-23.67569193743579,-46.67601849023508,CAMPO GRANDE,ZM_u,success,0
sp_CAMPO GRANDE_ZM_u_00170.png,-23.66497039700639,-46.684359416287336,CAMPO GRANDE,ZM_u,success,2
sp_CAMPO GRANDE_ZM_u_00171.png,-23.668854646103124,-46.674793153251926,CAMPO GRANDE,ZM_u,success,4
sp_CAMPO GRANDE_ZM_u_00172.png,-23.67975896632375,-46.67703901857106,CAMPO GRANDE,ZM_u,success,0
sp_CAMPO GRANDE_ZM_u_00173.png,-23.67953967875264,-46.67276819104148,CAMPO GRANDE,ZM_u,success,0
sp_CAMPO GRANDE_ZM_u_00174.png,-23.69849776175456,-46.68508743848774,CAMPO GRANDE,ZM_u,success,0
sp_CAMPO GRANDE_ZM_u_00175.png,-23.684787243652806,-46.68873319049528,CAMPO GRANDE,ZM_u,success,2
sp_CAMPO GRANDE_ZM_u_00176.png,-23.66612136802537,-46.69619274947852,CAMPO GRANDE,ZM_u,success,0
sp_CAMPO GRANDE_ZM_u_00177.png,-23.67418912291728,-46.67446176379333,CAMPO GRANDE,ZM_u,success,0
sp_CAMPO GRANDE_ZM_u_00178.png,-23.6607213702034,-46.68063505395429,CAMPO GRANDE,ZM_u,success,2
sp_JOSE BONIFACIO_ZEIS_1_00179.png,-23.58180063401326,-46.42175505428593,JOSE BONIFACIO,ZEIS_1,success,0
sp_JOSE BONIFACIO_ZEIS_1_00180.png,-23.576548563108044,-46.43940905683881,JOSE BONIFACIO,ZEIS_1,success,0
sp_JOSE BONIFACIO_ZEIS_1_00181.png,-23.591207872776945,-46.43858684493828,JOSE BONIFACIO,ZEIS_1,success,0
sp_JOSE BONIFACIO_ZEIS_1_00182.png,-23.58732196008957,-46.43935447193591,JOSE BONIFACIO,ZEIS_1,success,0
sp_JOSE BONIFACIO_ZEIS_1_00183.png,-23.588176518170947,-46.42082555264487,JOSE BONIFACIO,ZEIS_1,success,0
sp_JOSE BONIFACIO_ZEIS_1_00184.png,-23.55393460037115,-46.42899019861529,JOSE BONIFACIO,ZEIS_1,success,0
sp_JOSE BONIFACIO_ZEIS_1_00185.png,-23.566699196983976,-46.42120346805769,JOSE BONIFACIO,ZEIS_1,success,1
sp_JOSE BONIFACIO_ZEIS_2_00186.png,-23.572521447928853,-46.4249062820531,JOSE BONIFACIO,ZEIS_2,success,0
sp_JOSE BONIFACIO_ZEIS_2_00187.png,-23.568379860855043,-46.43046707949859,JOSE BONIFACIO,ZEIS_2,success,0
sp_JOSE BONIFACIO_ZEIS_2_00188.png,-23.57076354660136,-46.42942447059665,JOSE BONIFACIO,ZEIS_2,success,0
sp_JOSE BONIFACIO_ZEIS_2_00189.png,-23.591211230993984,-46.43224554561039,JOSE BONIFACIO,ZEIS_2,success,0
sp_JOSE BONIFACIO_ZEIS_2_00190.png,-23.56774351611339,-46.426587103323925,JOSE BONIFACIO,ZEIS_2,success,0
sp_JOSE BONIFACIO_ZEIS_2_00191.png,-23.58356490695684,-46.43648674081568,JOSE BONIFACIO,ZEIS_2,success,0
sp_JOSE BONIFACIO_ZEIS_2_00192.png,-23.585214118373685,-46.42702248635992,JOSE BONIFACIO,ZEIS_2,success,0
sp_JOSE BONIFACIO_ZEIS_2_00193.png,-23.587370181115404,-46.42033336860267,JOSE BONIFACIO,ZEIS_2,success,0
sp_JOSE BONIFACIO_ZEIS_5_00194.png,-23.57988407261898,-46.44078774187911,JOSE BONIFACIO,ZEIS_5,success,0
sp_JOSE BONIFACIO_ZEIS_5_00195.png,-23.555935435768703,-46.428256978124864,JOSE BONIFACIO,ZEIS_5,success,0
sp_JOSE BONIFACIO_ZMIS_u_00196.png,-23.55422868254396,-46.43846123756746,JOSE BONIFACIO,ZMIS_u,success,0
sp_JOSE BONIFACIO_ZMIS_u_00197.png,-23.55176700657844,-46.44427008750118,JOSE BONIFACIO,ZMIS_u,success,0
sp_JOSE BONIFACIO_ZMIS_u_00198.png,-23.54735052814617,-46.44071790257005,JOSE BONIFACIO,ZMIS_u,success,0
sp_JOSE BONIFACIO_ZMIS_u_00199.png,-23.54062372790425,-46.43284650128172,JOSE BONIFACIO,ZMIS_u,success,0
sp_CANGAIBA_ZEIS_1_00200.png,-23.50017060659278,-46.5321995410004,CANGAIBA,ZEIS_1,success,0
sp_CANGAIBA_ZEIS_1_00201.png,-23.50539151583592,-46.494363744898855,CANGAIBA,ZEIS_1,success,0
sp_CANGAIBA_ZEIS_1_00202.png,-23.50734316175217,-46.522457405659495,CANGAIBA,ZEIS_1,success,0
sp_CANGAIBA_ZEIS_1_00203.png,-23.499414060304296,-46.512340976592775,CANGAIBA,ZEIS_1,success,0
sp_CANGAIBA_ZEIS_1_00204.png,-23.50264727126026,-46.53499620049333,CANGAIBA,ZEIS_1,success,0
sp_CANGAIBA_ZEIS_1_00205.png,-23.503106495819218,-46.51598211092898,CANGAIBA,ZEIS_1,success,0
sp_CANGAIBA_ZEIS_1_00206.png,-23.494781932262,-46.505454318137694,CANGAIBA,ZEIS_1,success,1
sp_CANGAIBA_ZM_u_00207.png,-23.50825691038771,-46.528254737299854,CANGAIBA,ZM_u,success,0
sp_CANGAIBA_ZM_u_00208.png,-23.511728568612405,-46.53564506068225,CANGAIBA,ZM_u,success,1
sp_CANGAIBA_ZM_u_00209.png,-23.50042748092141,-46.52216702091689,CANGAIBA,ZM_u,success,0
sp_CANGAIBA_ZM_u_00210.png,-23.499806635478564,-46.50163870281725,CANGAIBA,ZM_u,success,0
sp_CANGAIBA_ZM_u_00211.png,-23.50855531517012,-46.51206618287353,CANGAIBA,ZM_u,success,0
sp_CANGAIBA_ZM_u_00212.png,-23.50997005761381,-46.51880374836903,CANGAIBA,ZM_u,success,1
sp_MORUMBI_ZEIS_1_00213.png,-23.607890497635065,-46.70102118717492,MORUMBI,ZEIS_1,success,0
sp_MORUMBI_ZER_1_00214.png,-23.60516350613704,-46.72031946329667,MORUMBI,ZER_1,success,0
sp_MORUMBI_ZER_1_00215.png,-23.595871176514702,-46.71172981235617,MORUMBI,ZER_1,success,4
sp_MORUMBI_ZER_1_00216.png,-23.596791051443724,-46.69862517863256,MORUMBI,ZER_1,success,0
sp_MORUMBI_ZER_1_00217.png,-23.60265027230101,-46.705751805371214,MORUMBI,ZER_1,success,0
sp_MORUMBI_ZM_u_00218.png,-23.60482140413597,-46.70524570619075,MORUMBI,ZM_u,success,3
sp_MORUMBI_ZM_u_00219.png,-23.601374423558912,-46.71069525829592,MORUMBI,ZM_u,success,0
sp_MORUMBI_ZM_u_00220.png,-23.611872332502035,-46.7009639937366,MORUMBI,ZM_u,success,1
sp_MORUMBI_ZM_u_00221.png,-23.59865077124999,-46.697176084855954,MORUMBI,ZM_u,success,2
sp_MORUMBI_ZM_u_00222.png,-23.60837565754425,-46.700413596818734,MORUMBI,ZM_u,success,0
sp_TREMEMBE_ZEIS_1_00223.png,-23.448041655590423,-46.62484345965791,TREMEMBE,ZEIS_1,success,0
sp_TREMEMBE_ZEIS_1_00224.png,-23.43421203159049,-46.58797469165668,TREMEMBE,ZEIS_1,success,0
sp_TREMEMBE_ZEIS_1_00225.png,-23.43254848240032,-46.5949794828957,TREMEMBE,ZEIS_1,success,0
sp_TREMEMBE_ZEIS_1_00226.png,-23.419156376267228,-46.59140384455922,TREMEMBE,ZEIS_1,success,0
sp_TREMEMBE_ZEIS_1_00227.png,-23.443859153487576,-46.586754641180114,TREMEMBE,ZEIS_1,success,0
sp_TREMEMBE_ZEIS_1_00228.png,-23.44659782039162,-46.58385102181386,TREMEMBE,ZEIS_1,success,0
sp_TREMEMBE_ZEIS_1_00229.png,-23.45104058660865,-46.5913706829307,TREMEMBE,ZEIS_1,success,1
sp_TREMEMBE_ZEIS_1_00230.png,-23.44803092428944,-46.60821190227018,TREMEMBE,ZEIS_1,success,0
sp_TREMEMBE_ZEIS_1_00231.png,-23.419506827301586,-46.58554960146278,TREMEMBE,ZEIS_1,success,0
sp_TREMEMBE_ZEIS_1_00232.png,-23.42753348478391,-46.58387405075797,TREMEMBE,ZEIS_1,success,0
sp_TREMEMBE_ZEIS_1_00233.png,-23.433461408919488,-46.57473134231858,TREMEMBE,ZEIS_1,success,0
sp_TREMEMBE_ZEIS_1_00234.png,-23.436229393202616,-46.56889190395576,TREMEMBE,ZEIS_1,success,0
sp_TREMEMBE_ZEIS_1_00235.png,-23.444296827137244,-46.57485976301469,TREMEMBE,ZEIS_1,success,0
sp_TREMEMBE_ZEIS_1_00236.png,-23.430782135985364,-46.57176360295564,TREMEMBE,ZEIS_1,success,0
sp_TREMEMBE_ZEIS_1_00237.png,-23.441558319517423,-46.57776353116085,TREMEMBE,ZEIS_1,success,0
sp_TREMEMBE_ZEIS_2_00238.png,-23.43119030808009,-46.57884607873853,TREMEMBE,ZEIS_2,success,0
sp_TREMEMBE_ZER_1_00239.png,-23.46104533190283,-46.61634052135794,TREMEMBE,ZER_1,success,2
sp_TREMEMBE_ZER_a_00240.png,-23.44824733856516,-46.61784061947276,TREMEMBE,ZER_a,success,3
sp_TREMEMBE_ZER_a_00241.png,-23.44432753050713,-46.61568519396343,TREMEMBE,ZER_a,success,5
sp_TREMEMBE_ZER_a_00242.png,-23.45230956593648,-46.61638556670443,TREMEMBE,ZER_a,success,3
sp_TREMEMBE_ZM_a_00243.png,-23.404129156564423,-46.57904640786344,TREMEMBE,ZM_a,success,0
sp_TREMEMBE_ZM_a_00244.png,-23.43056639957716,-46.58580497849454,TREMEMBE,ZM_a,success,0
sp_TREMEMBE_ZM_a_00245.png,-23.441634745709223,-46.58548097281167,TREMEMBE,ZM_a,success,0
sp_TREMEMBE_ZM_a_00246.png,-23.44561531524285,-46.59476495291593,TREMEMBE,ZM_a,success,1
sp_TREMEMBE_ZM_a_00247.png,-23.45235583924244,-46.626637094043865,TREMEMBE,ZM_a,success,1
sp_TREMEMBE_ZM_a_00248.png,-23.451741172238105,-46.62461158063937,TREMEMBE,ZM_a,success,1
sp_TREMEMBE_ZM_a_00249.png,-23.45177294049337,-46.63048035781379,TREMEMBE,ZM_a,success,0
sp_TREMEMBE_ZM_u_00250.png,-23.460172645316494,-46.5932983837523,TREMEMBE,ZM_u,success,0
sp_TREMEMBE_ZM_u_00251.png,-23.46480182616095,-46.59377658725327,TREMEMBE,ZM_u,success,0
sp_CIDADE DUTRA_ZEIS_1_00252.png,-23.69229867627197,-46.69557053477747,CIDADE DUTRA,ZEIS_1,success,0
sp_CIDADE DUTRA_ZEIS_1_00253.png,-23.72807230746616,-46.69654864126735,CIDADE DUTRA,ZEIS_1,success,0
sp_CIDADE DUTRA_ZEIS_1_00254.png,-23.70691365072036,-46.68846188612639,CIDADE DUTRA,ZEIS_1,success,0
sp_CIDADE DUTRA_ZEIS_1_00255.png,-23.72105902030668,-46.6843655426383,CIDADE DUTRA,ZEIS_1,success,0
sp_CIDADE DUTRA_ZEIS_1_00256.png,-23.72144189375984,-46.67223336340139,CIDADE DUTRA,ZEIS_1,success,0
sp_CIDADE DUTRA_ZEIS_1_00257.png,-23.69977208817522,-46.691433711367175,CIDADE DUTRA,ZEIS_1,success,0
sp_CIDADE DUTRA_ZEIS_1_00258.png,-23.715086700463058,-46.67894632526804,CIDADE DUTRA,ZEIS_1,success,0
sp_CIDADE DUTRA_ZEIS_1_00259.png,-23.71968410009578,-46.69657003264216,CIDADE DUTRA,ZEIS_1,success,0
sp_CIDADE DUTRA_ZEIS_1_00260.png,-23.73442661104473,-46.713737618553,CIDADE DUTRA,ZEIS_1,success,0
sp_CIDADE DUTRA_ZEIS_1_00261.png,-23.72667180720188,-46.704863362974415,CIDADE DUTRA,ZEIS_1,success,0
sp_CIDADE DUTRA_ZER_a_00262.png,-23.72132782952287,-46.71197618322036,CIDADE DUTRA,ZER_a,success,2
sp_CIDADE DUTRA_ZER_a_00263.png,-23.750492499827544,-46.717805000081775,CIDADE DUTRA,ZER_a,success,0
sp_CIDADE DUTRA_ZER_a_00264.png,-23.75215976204253,-46.716460863227866,CIDADE DUTRA,ZER_a,success,0
sp_CIDADE DUTRA_ZM_a_00265.png,-23.75620152066363,-46.71137898677655,CIDADE DUTRA,ZM_a,success,0
sp_CIDADE DUTRA_ZM_a_00266.png,-23.71671068560733,-46.67668016708463,CIDADE DUTRA,ZM_a,success,0
sp_CIDADE DUTRA_ZM_a_00267.png,-23.71911201297221,-46.702830737868446,CIDADE DUTRA,ZM_a,success,0
sp_CIDADE DUTRA_ZM_a_00268.png,-23.74994489034721,-46.70752352006761,CIDADE DUTRA,ZM_a,success,0
sp_CIDADE DUTRA_ZM_a_00269.png,-23.729543848364283,-46.711321117804566,CIDADE DUTRA,ZM_a,success,0
sp_CIDADE DUTRA_ZM_a_00270.png,-23.725922278388623,-46.70992553250346,CIDADE DUTRA,ZM_a,success,1
sp_CIDADE DUTRA_ZM_a_00271.png,-23.759069172007024,-46.71156703623398,CIDADE DUTRA,ZM_a,success,0
sp_CIDADE DUTRA_ZM_a_00272.png,-23.732935622593924,-46.6947553817088,CIDADE DUTRA,ZM_a,success,0
sp_CIDADE DUTRA_ZM_a_00273.png,-23.718166518444303,-46.70592841481942,CIDADE DUTRA,ZM_a,success,0
sp_CIDADE DUTRA_ZM_a_00274.png,-23.72670865463872,-46.6967931850482,CIDADE DUTRA,ZM_a,success,0
sp_CIDADE DUTRA_ZM_a_00275.png,-23.747599986354054,-46.713379004453614,CIDADE DUTRA,ZM_a,success,0
sp_BUTANTA_ZM_u_00276.png,-23.57500139898672,-46.73170767906839,BUTANTA,ZM_u,success,0
sp_BUTANTA_ZM_u_00277.png,-23.5768798793339,-46.732020819044834,BUTANTA,ZM_u,success,1
sp_BUTANTA_ZM_u_00278.png,-23.56912897334977,-46.728759734640114,BUTANTA,ZM_u,success,2
sp_BUTANTA_ZM_u_00279.png,-23.58062331326541,-46.74636644832381,BUTANTA,ZM_u,success,0
sp_PARELHEIROS_ZEIS_1_00280.png,-23.84631730034874,-46.73815678102832,PARELHEIROS,ZEIS_1,success,0
sp_PARELHEIROS_ZEIS_1_00281.png,-23.84561488830953,-46.73555862614048,PARELHEIROS,ZEIS_1,success,0
sp_PARELHEIROS_ZEIS_1_00282.png,-23.844441495218337,-46.738978289369705,PARELHEIROS,ZEIS_1,success,0
sp_PARELHEIROS_ZEIS_1_00283.png,-23.798839816853405,-46.73522953895786,PARELHEIROS,ZEIS_1,success,0
sp_PARELHEIROS_ZEIS_1_00284.png,-23.79338105154228,-46.73437704628226,PARELHEIROS,ZEIS_1,success,0
sp_PARELHEIROS_ZEIS_1_00285.png,-23.7960787170003,-46.70681513871444,PARELHEIROS,ZEIS_1,success,0
sp_PARELHEIROS_ZEIS_1_00286.png,-23.8248113221742,-46.724520623997385,PARELHEIROS,ZEIS_1,success,0
sp_PARELHEIROS_ZEIS_1_00287.png,-23.79039905709508,-46.72317311519579,PARELHEIROS,ZEIS_1,success,0
sp_PARELHEIROS_ZEIS_1_00288.png,-23.7853938819343,-46.71191122369514,PARELHEIROS,ZEIS_1,success,0
sp_PARELHEIROS_ZEIS_1_00289.png,-23.824866224279887,-46.70412216929809,PARELHEIROS,ZEIS_1,success,0
sp_PARELHEIROS_ZEIS_1_00290.png,-23.81399947761936,-46.70692468006767,PARELHEIROS,ZEIS_1,success,0
sp_PARELHEIROS_ZEIS_1_00291.png,-23.84950971221833,-46.71287963605912,PARELHEIROS,ZEIS_1,success,0
sp_PARELHEIROS_ZEIS_1_00292.png,-23.83459393998423,-46.72561197630108,PARELHEIROS,ZEIS_1,success,0
sp_PARELHEIROS_ZEIS_1_00293.png,-23.80094064187888,-46.72784637601288,PARELHEIROS,ZEIS_1,success,0
sp_PARELHEIROS_ZEIS_1_00294.png,-23.79404418902224,-46.73788792813987,PARELHEIROS,ZEIS_1,success,0
sp_PARELHEIROS_ZEIS_1_00295.png,-23.76740391219895,-46.72131811961468,PARELHEIROS,ZEIS_1,success,0
sp_PARELHEIROS_ZEIS_1_00296.png,-23.86290009709972,-46.714171058760265,PARELHEIROS,ZEIS_1,success,0
sp_PARELHEIROS_ZEIS_1_00297.png,-23.85754851667084,-46.70820980422554,PARELHEIROS,ZEIS_1,success,0
sp_PARELHEIROS_ZEIS_1_00298.png,-23.865641380957413,-46.7112615601236,PARELHEIROS,ZEIS_1,success,0
sp_PARELHEIROS_ZEIS_1_00299.png,-23.862932860825183,-46.71122596257692,PARELHEIROS,ZEIS_1,success,0
sp_PARELHEIROS_ZEIS_4_00300.png,-23.774171305249794,-46.71271341816226,PARELHEIROS,ZEIS_4,success,0
sp_PARELHEIROS_ZEIS_4_00301.png,-23.846391553638835,-46.71337444181749,PARELHEIROS,ZEIS_4,success,0
sp_PARELHEIROS_ZEIS_4_00302.png,-23.82422885620646,-46.725545498558006,PARELHEIROS,ZEIS_4,success,0
sp_PARELHEIROS_ZEIS_4_00303.png,-23.8151717538296,-46.70788234044188,PARELHEIROS,ZEIS_4,success,0
sp_PARELHEIROS_ZER_a_00304.png,-23.746083297702448,-46.75052610824625,PARELHEIROS,ZER_a,success,3
sp_PARELHEIROS_ZER_a_00305.png,-23.750746463243075,-46.76024960633388,PARELHEIROS,ZER_a,success,6
sp_PARELHEIROS_ZER_a_00306.png,-23.74629563722363,-46.76018982411532,PARELHEIROS,ZER_a,success,0
sp_PARELHEIROS_ZM_a_00307.png,-23.838929444435056,-46.73398577852316,PARELHEIROS,ZM_a,success,0
sp_PARELHEIROS_ZM_a_00308.png,-23.77800878814244,-46.71453673094845,PARELHEIROS,ZM_a,success,0
sp_PARELHEIROS_ZM_a_00309.png,-23.801669609449792,-46.73283754843994,PARELHEIROS,ZM_a,success,0
sp_PARELHEIROS_ZM_a_00310.png,-23.828432091913243,-46.71618865638583,PARELHEIROS,ZM_a,success,0
sp_PARELHEIROS_ZM_a_00311.png,-23.815273778872896,-46.73407954371492,PARELHEIROS,ZM_a,success,0
sp_PARELHEIROS_ZM_a_00312.png,-23.78177046117841,-46.71549865073671,PARELHEIROS,ZM_a,success,0
sp_PARELHEIROS_ZM_a_00313.png,-23.830098670738,-46.71557488551103,PARELHEIROS,ZM_a,success,0
sp_PARELHEIROS_ZM_a_00314.png,-23.82493670586618,-46.71860676535749,PARELHEIROS,ZM_a,success,0
sp_PARELHEIROS_ZM_a_00315.png,-23.87095334908536,-46.675517348928906,PARELHEIROS,ZM_a,success,0
sp_PARELHEIROS_ZM_a_00316.png,-23.83163379406085,-46.70884974010493,PARELHEIROS,ZM_a,success,1
sp_PARELHEIROS_ZM_a_00317.png,-23.836206213514902,-46.72732194840384,PARELHEIROS,ZM_a,success,0
sp_PARELHEIROS_ZM_a_00318.png,-23.7965131586456,-46.74284832084529,PARELHEIROS,ZM_a,success,0
sp_PARELHEIROS_ZM_a_00319.png,-23.81420320070804,-46.73625222432411,PARELHEIROS,ZM_a,success,0
sp_PARELHEIROS_ZM_a_00320.png,-23.77664455251415,-46.72076357274522,PARELHEIROS,ZM_a,success,0
sp_PARELHEIROS_ZM_a_00321.png,-23.7749977464928,-46.719480451933535,PARELHEIROS,ZM_a,success,0
sp_PARELHEIROS_ZM_a_00322.png,-23.86878060461427,-46.755530134547634,PARELHEIROS,ZM_a,success,0
sp_PARELHEIROS_ZM_a_00323.png,-23.787522739574783,-46.71477785048636,PARELHEIROS,ZM_a,success,0
sp_PARELHEIROS_ZM_a_00324.png,-23.798549211096468,-46.73639771404226,PARELHEIROS,ZM_a,success,0
sp_PARELHEIROS_ZM_a_00325.png,-23.829229577736,-46.7118517552365,PARELHEIROS,ZM_a,success,0
sp_PARELHEIROS_ZM_a_00326.png,-23.829343782781898,-46.73738324872328,PARELHEIROS,ZM_a,success,0
sp_PARELHEIROS_ZM_a_00327.png,-23.82663620209788,-46.73832091103157,PARELHEIROS,ZM_a,success,0
sp_PARELHEIROS_ZM_a_00328.png,-23.85650664334584,-46.69026833293074,PARELHEIROS,ZM_a,success,0
sp_PARELHEIROS_ZM_a_00329.png,-23.847769176373617,-46.69610175799437,PARELHEIROS,ZM_a,success,1
sp_SAO RAFAEL_ZEIS_1_00330.png,-23.63519043741858,-46.46357630865217,SAO RAFAEL,ZEIS_1,success,0
sp_SAO RAFAEL_ZEIS_1_00331.png,-23.629827953438824,-46.45763564270448,SAO RAFAEL,ZEIS_1,success,0
sp_SAO RAFAEL_ZEIS_1_00332.png,-23.62022815408384,-46.44488427254422,SAO RAFAEL,ZEIS_1,success,0
sp_SAO RAFAEL_ZEIS_1_00333.png,-23.63867607439987,-46.43856336884068,SAO RAFAEL,ZEIS_1,success,0
sp_SAO RAFAEL_ZEIS_1_00334.png,-23.638593990166605,-46.447384686418026,SAO RAFAEL,ZEIS_1,success,0
sp_SAO RAFAEL_ZEIS_1_00335.png,-23.625049254197545,-46.44723579074722,SAO RAFAEL,ZEIS_1,success,1
sp_SAO RAFAEL_ZEIS_1_00336.png,-23.627730744605856,-46.45020574950989,SAO RAFAEL,ZEIS_1,success,1
sp_SAO RAFAEL_ZEIS_1_00337.png,-23.634910354906022,-46.4658578933719,SAO RAFAEL,ZEIS_1,success,0
sp_SAO RAFAEL_ZEIS_1_00338.png,-23.62709504897912,-46.46680036027454,SAO RAFAEL,ZEIS_1,success,0
sp_SAO RAFAEL_ZEIS_1_00339.png,-23.6196281125682,-46.44814464399846,SAO RAFAEL,ZEIS_1,success,0
sp_SAO RAFAEL_ZEIS_1_00340.png,-23.619573123863216,-46.45402465138819,SAO RAFAEL,ZEIS_1,success,0
sp_SAO RAFAEL_ZEIS_1_00341.png,-23.62225448537547,-46.45699461089396,SAO RAFAEL,ZEIS_1,success,0
sp_SAO RAFAEL_ZEIS_2_00342.png,-23.63185181763301,-46.4367841462625,SAO RAFAEL,ZEIS_2,success,0
sp_SAO RAFAEL_ZEIS_2_00343.png,-23.63862687862719,-46.47138363795132,SAO RAFAEL,ZEIS_2,success,0
sp_SAO RAFAEL_ZEIS_2_00344.png,-23.636010514881647,-46.45154614344677,SAO RAFAEL,ZEIS_2,success,0
sp_SAO RAFAEL_ZEIS_2_00345.png,-23.633301573750447,-46.45151627346287,SAO RAFAEL,ZEIS_2,success,0
sp_SAO RAFAEL_ZEIS_2_00346.png,-23.62454674783131,-46.442192656503074,SAO RAFAEL,ZEIS_2,success,0
sp_SAO RAFAEL_ZM_a_00347.png,-23.61944389389168,-46.46122445185693,SAO RAFAEL,ZM_a,success,0
sp_SAO RAFAEL_ZM_a_00348.png,-23.63901648395316,-46.45209204504164,SAO RAFAEL,ZM_a,success,0
sp_SAO RAFAEL_ZM_a_00349.png,-23.62270127619244,-46.44064037326701,SAO RAFAEL,ZM_a,success,0
sp_SAO RAFAEL_ZM_u_00350.png,-23.626790958091863,-46.47704070754196,SAO RAFAEL,ZM_u,success,0
sp_GUAIANASES_ZEIS_1_00351.png,-23.569158553693683,-46.38764283802956,GUAIANASES,ZEIS_1,success,0
sp_GUAIANASES_ZEIS_1_00352.png,-23.561456373202937,-46.39312195137198,GUAIANASES,ZEIS_1,success,0
sp_GUAIANASES_ZEIS_1_00353.png,-23.551297214035003,-46.42318346245467,GUAIANASES,ZEIS_1,success,0
sp_GUAIANASES_ZEIS_1_00354.png,-23.55044496801532,-46.41517278957777,GUAIANASES,ZEIS_1,success,1
sp_GUAIANASES_ZEIS_1_00355.png,-23.559015548659627,-46.4168357560692,GUAIANASES,ZEIS_1,success,1
sp_GUAIANASES_ZEIS_1_00356.png,-23.55909564138136,-46.40801964162899,GUAIANASES,ZEIS_1,success,0
sp_GUAIANASES_ZEIS_1_00357.png,-23.561895186107755,-46.42046240719901,GUAIANASES,ZEIS_1,success,1
sp_GUAIANASES_ZEIS_2_00358.png,-23.56882395077833,-46.39116421566313,GUAIANASES,ZEIS_2,success,0
sp_GUAIANASES_ZEIS_2_00359.png,-23.566467411858188,-46.38422505586456,GUAIANASES,ZEIS_2,success,0
sp_GUAIANASES_ZEIS_2_00360.png,-23.564703727362986,-46.39083207065176,GUAIANASES,ZEIS_2,success,0
sp_GUAIANASES_ZEIS_2_00361.png,-23.558505883488653,-46.39248941895919,GUAIANASES,ZEIS_2,success,0
sp_GUAIANASES_ZMIS_u_00362.png,-23.54108615621376,-46.422061436841645,GUAIANASES,ZMIS_u,success,0
sp_GUAIANASES_ZMIS_u_00363.png,-23.56399563860733,-46.39974277436541,GUAIANASES,ZMIS_u,success,0
sp_GUAIANASES_ZMIS_u_00364.png,-23.568941656281424,-46.39835016934615,GUAIANASES,ZMIS_u,success,1
sp_GUAIANASES_ZM_u_00365.png,-23.560542453670617,-46.40001169508805,GUAIANASES,ZM_u,success,0
sp_GUAIANASES_ZM_u_00366.png,-23.55626690533732,-46.40613083608135,GUAIANASES,ZM_u,success,1
sp_GUAIANASES_ZM_u_00367.png,-23.55101681222956,-46.40192074862296,GUAIANASES,ZM_u,success,1
sp_GUAIANASES_ZM_u_00368.png,-23.55766051710392,-46.39338943002152,GUAIANASES,ZM_u,success,0
sp_GUAIANASES_ZM_u_00369.png,-23.547652765467404,-46.405892483647655,GUAIANASES,ZM_u,success,0
sp_TATUAPE_ZM_u_00370.png,-23.5305710715464,-46.57271931384442,TATUAPE,ZM_u,success,0
sp_TATUAPE_ZM_u_00371.png,-23.52480106833968,-46.56171376241477,TATUAPE,ZM_u,success,0
sp_TATUAPE_ZM_u_00372.png,-23.530696611447265,-46.58201808277338,TATUAPE,ZM_u,success,0
sp_TATUAPE_ZM_u_00373.png,-23.53648385173404,-46.55872658903826,TATUAPE,ZM_u,success,1
sp_VILA FORMOSA_ZEIS_1_00374.png,-23.58170832522981,-46.53352877306988,VILA FORMOSA,ZEIS_1,success,1
sp_PIRITUBA_ZEIS_1_00375.png,-23.47153088847803,-46.7163063728791,PIRITUBA,ZEIS_1,success,1
sp_PIRITUBA_ZEIS_1_00376.png,-23.454767299485297,-46.71668412476125,PIRITUBA,ZEIS_1,success,0
sp_PIRITUBA_ZEIS_1_00377.png,-23.45907031523916,-46.71853554835841,PIRITUBA,ZEIS_1,success,0
sp_PIRITUBA_ZEIS_1_00378.png,-23.48120223122864,-46.752576413893216,PIRITUBA,ZEIS_1,success,0
sp_PIRITUBA_ZEIS_1_00379.png,-23.47593942148878,-46.74708607984087,PIRITUBA,ZEIS_1,success,0
sp_PIRITUBA_ZEIS_2_00380.png,-23.50147469752627,-46.72339615310163,PIRITUBA,ZEIS_2,success,1
sp_PIRITUBA_ZEIS_2_00381.png,-23.469293570969302,-46.71274011910596,PIRITUBA,ZEIS_2,success,0
sp_PIRITUBA_ZEIS_5_00382.png,-23.500758536093294,-46.71945332980289,PIRITUBA,ZEIS_5,success,0
sp_PIRITUBA_ZEIS_5_00383.png,-23.47775672492245,-46.74431156527607,PIRITUBA,ZEIS_5,success,0
sp_PIRITUBA_ZEMP_00384.png,-23.499381631106548,-46.71258409511698,PIRITUBA,ZEMP,success,0
sp_PIRITUBA_ZEMP_00385.png,-23.49881927370004,-46.707086124871694,PIRITUBA,ZEMP,success,0
sp_PIRITUBA_ZM_u_00386.png,-23.476935592333906,-46.74059048381435,PIRITUBA,ZM_u,success,0
sp_PIRITUBA_ZM_u_00387.png,-23.48355792130268,-46.73831027063373,PIRITUBA,ZM_u,success,0
sp_PIRITUBA_ZM_u_00388.png,-23.47935013817803,-46.74885447948372,PIRITUBA,ZM_u,success,0
sp_PIRITUBA_ZM_u_00389.png,-23.47687646289388,-46.75053230937646,PIRITUBA,ZM_u,success,0
sp_PIRITUBA_ZM_u_00390.png,-23.48388804428424,-46.725665628091456,PIRITUBA,ZM_u,success,1
sp_PIRITUBA_ZM_u_00391.png,-23.48054708860822,-46.71017477678095,PIRITUBA,ZM_u,success,0
sp_PIRITUBA_ZM_u_00392.png,-23.4708320381558,-46.74938627920272,PIRITUBA,ZM_u,success,0
sp_PIRITUBA_ZM_u_00393.png,-23.47948064898481,-46.7298577742094,PIRITUBA,ZM_u,success,0
sp_PIRITUBA_ZM_u_00394.png,-23.47727863672782,-46.74105850277794,PIRITUBA,ZM_u,success,0
sp_PIRITUBA_ZM_u_00395.png,-23.48181163576848,-46.73472019419095,PIRITUBA,ZM_u,success,0
sp_PIRITUBA_ZM_u_00396.png,-23.48290374565831,-46.73544876727032,PIRITUBA,ZM_u,success,0
sp_PIRITUBA_ZM_u_00397.png,-23.476687103943505,-46.7391234982367,PIRITUBA,ZM_u,success,0
sp_PIRITUBA_ZM_u_00398.png,-23.47345834668551,-46.732917716999886,PIRITUBA,ZM_u,success,0
sp_PIRITUBA_ZM_u_00399.png,-23.469492428366475,-46.72665857018861,PIRITUBA,ZM_u,success,0
sp_PIRITUBA_ZM_u_00400.png,-23.50496178284575,-46.718858841859536,PIRITUBA,ZM_u,success,0
sp_PIRITUBA_ZM_u_00401.png,-23.498090215135324,-46.72669439096454,PIRITUBA,ZM_u,success,0
sp_PIRITUBA_ZM_u_00402.png,-23.50430639393623,-46.715309404841655,PIRITUBA,ZM_u,success,2
sp_PIRITUBA_ZM_u_00403.png,-23.49095412409044,-46.73414302756938,PIRITUBA,ZM_u,success,0
sp_PIRITUBA_ZM_u_00404.png,-23.46568170747159,-46.71737397908007,PIRITUBA,ZM_u,success,0
sp_CIDADE LIDER_ZEIS_1_00405.png,-23.574968855228047,-46.48548646007594,CIDADE LIDER,ZEIS_1,success,0
sp_CIDADE LIDER_ZEIS_1_00406.png,-23.55534585910863,-46.50181473009611,CIDADE LIDER,ZEIS_1,success,0
sp_CIDADE LIDER_ZEIS_1_00407.png,-23.56303198739114,-46.48086858622849,CIDADE LIDER,ZEIS_1,success,0
sp_CIDADE LIDER_ZEIS_1_00408.png,-23.572265219687075,-46.49175323392583,CIDADE LIDER,ZEIS_1,success,0
sp_CIDADE LIDER_ZEIS_2_00409.png,-23.56539244104216,-46.49740470473661,CIDADE LIDER,ZEIS_2,success,0
sp_CIDADE LIDER_ZM_u_00410.png,-23.56221470263239,-46.50552369080966,CIDADE LIDER,ZM_u,success,0
sp_CIDADE LIDER_ZM_u_00411.png,-23.563799158219727,-46.50094255333074,CIDADE LIDER,ZM_u,success,0
sp_CIDADE LIDER_ZM_u_00412.png,-23.56105374474876,-46.49536321324821,CIDADE LIDER,ZM_u,success,0
sp_CIDADE LIDER_ZM_u_00413.png,-23.557754881788643,-46.483055939606906,CIDADE LIDER,ZM_u,success,0
sp_CIDADE LIDER_ZM_u_00414.png,-23.558632144661704,-46.47785107857454,CIDADE LIDER,ZM_u,success,1
sp_CIDADE LIDER_ZM_u_00415.png,-23.56889277807165,-46.4959639484637,CIDADE LIDER,ZM_u,success,0
sp_PINHEIROS_ZM_u_00416.png,-23.56783047668299,-46.69830557346033,PINHEIROS,ZM_u,success,1
sp_PINHEIROS_ZM_u_00417.png,-23.57263837173096,-46.69494333562583,PINHEIROS,ZM_u,success,0
sp_PINHEIROS_ZM_u_00418.png,-23.570419491890483,-46.695444484925495,PINHEIROS,ZM_u,success,3
sp_VILA ANDRADE_ZEIS_1_00419.png,-23.62114996507828,-46.7287605074894,VILA ANDRADE,ZEIS_1,success,0
sp_VILA ANDRADE_ZEIS_1_00420.png,-23.615765522498982,-46.72574989425558,VILA ANDRADE,ZEIS_1,success,0
sp_VILA ANDRADE_ZEIS_1_00421.png,-23.63671542135665,-46.74204766205481,VILA ANDRADE,ZEIS_1,success,0
sp_VILA ANDRADE_ZEIS_5_00422.png,-23.62186698509877,-46.72938135591884,VILA ANDRADE,ZEIS_5,success,1
sp_VILA ANDRADE_ZER_1_00423.png,-23.61476286225445,-46.71738456122704,VILA ANDRADE,ZER_1,success,1
sp_VILA ANDRADE_ZER_1_00424.png,-23.61831971926093,-46.71495965416206,VILA ANDRADE,ZER_1,success,4
sp_VILA ANDRADE_ZM_u_00425.png,-23.62376502978004,-46.72165469038201,VILA ANDRADE,ZM_u,success,1
sp_VILA ANDRADE_ZM_u_00426.png,-23.62386274939152,-46.71937735334519,VILA ANDRADE,ZM_u,success,2
sp_VILA ANDRADE_ZM_u_00427.png,-23.62935631208857,-46.72478601979125,VILA ANDRADE,ZM_u,success,0
sp_VILA ANDRADE_ZM_u_00428.png,-23.63178102712252,-46.72955098108204,VILA ANDRADE,ZM_u,success,1
sp_VILA ANDRADE_ZM_u_00429.png,-23.62348959471065,-46.72990123879124,VILA ANDRADE,ZM_u,success,0
sp_VILA ANDRADE_ZM_u_00430.png,-23.629220243055528,-46.72310781320992,VILA ANDRADE,ZM_u,success,2
sp_VILA ANDRADE_ZM_u_00431.png,-23.62482133840891,-46.730717901837416,VILA ANDRADE,ZM_u,success,2
sp_VILA ANDRADE_ZM_u_00432.png,-23.62032375062191,-46.74316952537574,VILA ANDRADE,ZM_u,success,0
sp_VILA ANDRADE_ZM_u_00433.png,-23.620779151010925,-46.71119206739311,VILA ANDRADE,ZM_u,success,1
sp_VILA ANDRADE_ZM_u_00434.png,-23.62348775597242,-46.711227258726666,VILA ANDRADE,ZM_u,success,1
sp_VILA ANDRADE_ZM_u_00435.png,-23.62756254099286,-46.7382488508979,VILA ANDRADE,ZM_u,success,6
sp_VILA ANDRADE_ZM_u_00436.png,-23.63029159109273,-46.74066502071072,VILA ANDRADE,ZM_u,success,2
sp_VILA ANDRADE_ZM_u_00437.png,-23.62592121141961,-46.719281346513,VILA ANDRADE,ZM_u,success,2
sp_VILA ANDRADE_ZM_u_00438.png,-23.638568499097687,-46.73183898574319,VILA ANDRADE,ZM_u,success,1
sp_VILA GUILHERME_ZEMP_00439.png,-23.506941597605888,-46.60952105912872,VILA GUILHERME,ZEMP,success,0
sp_VILA GUILHERME_ZEMP_00440.png,-23.5115788393074,-46.60985744720177,VILA GUILHERME,ZEMP,success,1
sp_VILA GUILHERME_ZEMP_00441.png,-23.50969504534833,-46.61161711694054,VILA GUILHERME,ZEMP,success,0
sp_VILA GUILHERME_ZEMP_00442.png,-23.51011777089592,-46.61460207923187,VILA GUILHERME,ZEMP,success,0
sp_VILA GUILHERME_ZEMP_00443.png,-23.515407898075047,-46.59863045727244,VILA GUILHERME,ZEMP,success,0
sp_VILA GUILHERME_ZEMP_00444.png,-23.51181729693746,-46.59942144560898,VILA GUILHERME,ZEMP,success,3
sp_VILA GUILHERME_ZEMP_00445.png,-23.50944311065628,-46.60810523642582,VILA GUILHERME,ZEMP,success,0
sp_VILA JACUI_ZEIS_1_00446.png,-23.50946173005804,-46.45323421262773,VILA JACUI,ZEIS_1,success,0
sp_VILA JACUI_ZEIS_1_00447.png,-23.4836719971406,-46.46399763029832,VILA JACUI,ZEIS_1,success,0
sp_VILA JACUI_ZEIS_1_00448.png,-23.486380975275257,-46.4640275432908,VILA JACUI,ZEIS_1,success,0
sp_VILA JACUI_ZEIS_1_00449.png,-23.51242368200706,-46.45496897772989,VILA JACUI,ZEIS_1,success,0
sp_VILA JACUI_ZEIS_1_00450.png,-23.504935743972283,-46.46976227240507,VILA JACUI,ZEIS_1,success,0
sp_VILA JACUI_ZEIS_1_00451.png,-23.48509893042409,-46.46703202472936,VILA JACUI,ZEIS_1,success,0
sp_VILA JACUI_ZEIS_1_00452.png,-23.49286884913876,-46.46731532418919,VILA JACUI,ZEIS_1,success,0
sp_VILA JACUI_ZEIS_1_00453.png,-23.50651426322878,-46.46018875154354,VILA JACUI,ZEIS_1,success,0
sp_VILA JACUI_ZEIS_1_00454.png,-23.51268556582687,-46.46635545644805,VILA JACUI,ZEIS_1,success,2
sp_VILA JACUI_ZEIS_1_00455.png,-23.51060634818102,-46.47324556181752,VILA JACUI,ZEIS_1,success,0
sp_IPIRANGA_ZEIS_1_00456.png,-23.60198482438352,-46.59634609868152,IPIRANGA,ZEIS_1,success,0
sp_IPIRANGA_ZEIS_2_00457.png,-23.606713323292148,-46.59034756178462,IPIRANGA,ZEIS_2,success,0
sp_IPIRANGA_ZEIS_3_00458.png,-23.60527876891563,-46.581303401547686,IPIRANGA,ZEIS_3,success,0
sp_IPIRANGA_ZM_u_00459.png,-23.579210989366786,-46.60074922890743,IPIRANGA,ZM_u,success,0
sp_ANHANGUERA_ZEIS_1_00460.png,-23.435392672936736,-46.774162573537225,ANHANGUERA,ZEIS_1,success,0
sp_ANHANGUERA_ZEIS_1_00461.png,-23.45155128852928,-46.79048065517135,ANHANGUERA,ZEIS_1,success,0
sp_ANHANGUERA_ZEIS_1_00462.png,-23.4420684314516,-46.78819817521186,ANHANGUERA,ZEIS_1,success,0
sp_ANHANGUERA_ZEIS_1_00463.png,-23.43938825040157,-46.7785812140291,ANHANGUERA,ZEIS_1,success,0
sp_ANHANGUERA_ZEIS_1_00464.png,-23.437101248286407,-46.77488147661952,ANHANGUERA,ZEIS_1,success,0
sp_ANHANGUERA_ZEIS_1_00465.png,-23.44148051459048,-46.79312204185006,ANHANGUERA,ZEIS_1,success,0
sp_ANHANGUERA_ZEIS_1_00466.png,-23.445730096317817,-46.79590100941236,ANHANGUERA,ZEIS_1,success,0
sp_ANHANGUERA_ZEIS_1_00467.png,-23.437782674766865,-46.80952891401052,ANHANGUERA,ZEIS_1,success,0
sp_ANHANGUERA_ZEIS_1_00468.png,-23.446010145520905,-46.800832712084166,ANHANGUERA,ZEIS_1,success,0
sp_ANHANGUERA_ZEIS_1_00469.png,-23.448752540959408,-46.79793373898295,ANHANGUERA,ZEIS_1,success,0
sp_ANHANGUERA_ZEIS_2_00470.png,-23.444094168128064,-46.79378669966794,ANHANGUERA,ZEIS_2,success,0
sp_ANHANGUERA_ZER_a_00471.png,-23.4298042498227,-46.76342290040228,ANHANGUERA,ZER_a,success,0
sp_ANHANGUERA_ZM_a_00472.png,-23.450368486137688,-46.79087031129717,ANHANGUERA,ZM_a,success,1
sp_ANHANGUERA_ZM_a_00473.png,-23.41866342279619,-46.81119285427248,ANHANGUERA,ZM_a,success,0
sp_ANHANGUERA_ZM_a_00474.png,-23.44711484624866,-46.78794577550701,ANHANGUERA,ZM_a,success,0
sp_ANHANGUERA_ZM_a_00475.png,-23.436328606896307,-46.767473447914114,ANHANGUERA,ZM_a,success,0
sp_ANHANGUERA_ZM_a_00476.png,-23.436295336253785,-46.77040892262773,ANHANGUERA,ZM_a,success,0
sp_ANHANGUERA_ZM_u_00477.png,-23.43572257577113,-46.78154183950917,ANHANGUERA,ZM_u,success,0
sp_ANHANGUERA_ZM_u_00478.png,-23.44837569458157,-46.78442049909816,ANHANGUERA,ZM_u,success,0
sp_SAPOPEMBA_ZEIS_1_00479.png,-23.60395618937269,-46.50722359317209,SAPOPEMBA,ZEIS_1,success,0
sp_SAPOPEMBA_ZEIS_1_00480.png,-23.61728103883469,-46.4909584748096,SAPOPEMBA,ZEIS_1,success,0
sp_SAPOPEMBA_ZEIS_1_00481.png,-23.619933324685537,-46.49686904287861,SAPOPEMBA,ZEIS_1,success,0
sp_SAPOPEMBA_ZEIS_1_00482.png,-23.62269883504615,-46.49101979564798,SAPOPEMBA,ZEIS_1,success,1
sp_SAPOPEMBA_ZEIS_1_00483.png,-23.59019318243833,-46.52384929214887,SAPOPEMBA,ZEIS_1,success,1
sp_SAPOPEMBA_ZEIS_1_00484.png,-23.61519950589552,-46.517766659609016,SAPOPEMBA,ZEIS_1,success,0
sp_SAPOPEMBA_ZEIS_1_00485.png,-23.616177798992418,-46.50861505706587,SAPOPEMBA,ZEIS_1,success,0
sp_SAPOPEMBA_ZEIS_1_00486.png,-23.597762713144306,-46.49957506152507,SAPOPEMBA,ZEIS_1,success,1
sp_SAPOPEMBA_ZEIS_1_00487.png,-23.59149084143853,-46.51046812823223,SAPOPEMBA,ZEIS_1,success,0
sp_SAPOPEMBA_ZEIS_1_00488.png,-23.61366487814322,-46.514242506000784,SAPOPEMBA,ZEIS_1,success,0
sp_SAPOPEMBA_ZMIS_u_00489.png,-23.604871612133884,-46.498202497232896,SAPOPEMBA,ZMIS_u,success,0
sp_SAPOPEMBA_ZMIS_u_00490.png,-23.60492977906012,-46.50392717795805,SAPOPEMBA,ZMIS_u,success,1
sp_SAPOPEMBA_ZMIS_u_00491.png,-23.60481947207548,-46.49990202164938,SAPOPEMBA,ZMIS_u,success,0
sp_SAPOPEMBA_ZM_u_00492.png,-23.62439770082156,-46.49617499809233,SAPOPEMBA,ZM_u,success,0
sp_SAPOPEMBA_ZM_u_00493.png,-23.621651243074727,-46.50740290068659,SAPOPEMBA,ZM_u,success,0
sp_SAPOPEMBA_ZM_u_00494.png,-23.622703215678296,-46.50510256186446,SAPOPEMBA,ZM_u,success,0
sp_SAPOPEMBA_ZM_u_00495.png,-23.61879188101433,-46.49967484066061,SAPOPEMBA,ZM_u,success,0
sp_RAPOSO TAVARES_ZEIS_1_00496.png,-23.598895244655832,-46.77519513632268,RAPOSO TAVARES,ZEIS_1,success,0
sp_RAPOSO TAVARES_ZEIS_1_00497.png,-23.595800767490328,-46.78763726123186,RAPOSO TAVARES,ZEIS_1,success,1
sp_RAPOSO TAVARES_ZEIS_1_00498.png,-23.59160578804033,-46.76308524096108,RAPOSO TAVARES,ZEIS_1,success,0
sp_RAPOSO TAVARES_ZEIS_1_00499.png,-23.5987803409488,-46.78819007944414,RAPOSO TAVARES,ZEIS_1,success,0
sp_RAPOSO TAVARES_ZEIS_1_00500.png,-23.60311514857505,-46.79344930102071,RAPOSO TAVARES,ZEIS_1,success,0
sp_RAPOSO TAVARES_ZEIS_2_00501.png,-23.588293024945138,-46.777189299290704,RAPOSO TAVARES,ZEIS_2,success,0
sp_RAPOSO TAVARES_ZEIS_2_00502.png,-23.583863442282087,-46.802428768928266,RAPOSO TAVARES,ZEIS_2,success,0
sp_RAPOSO TAVARES_ZEIS_2_00503.png,-23.574481376052404,-46.784304524094665,RAPOSO TAVARES,ZEIS_2,success,1
sp_RAPOSO TAVARES_ZEIS_5_00504.png,-23.58370668432148,-46.79776543603965,RAPOSO TAVARES,ZEIS_5,success,0
sp_RAPOSO TAVARES_ZEIS_5_00505.png,-23.58013277871312,-46.78577707692334,RAPOSO TAVARES,ZEIS_5,success,0
sp_RAPOSO TAVARES_ZMIS_a_00506.png,-23.587288324295944,-46.79865530305116,RAPOSO TAVARES,ZMIS_a,success,0
sp_RAPOSO TAVARES_ZMIS_u_00507.png,-23.600822982606527,-46.786858986818046,RAPOSO TAVARES,ZMIS_u,success,0
sp_RAPOSO TAVARES_ZM_a_00508.png,-23.60029872518703,-46.77793712436668,RAPOSO TAVARES,ZM_a,success,0
sp_RAPOSO TAVARES_ZM_a_00509.png,-23.601028223122498,-46.789980358610805,RAPOSO TAVARES,ZM_a,success,0
sp_RAPOSO TAVARES_ZM_a_00510.png,-23.59490528244016,-46.803838174111,RAPOSO TAVARES,ZM_a,success,0
sp_RAPOSO TAVARES_ZM_a_00511.png,-23.587225379813862,-46.805017497094326,RAPOSO TAVARES,ZM_a,success,0
sp_RAPOSO TAVARES_ZM_a_00512.png,-23.59241534048103,-46.77340663910488,RAPOSO TAVARES,ZM_a,success,1
sp_RAPOSO TAVARES_ZM_a_00513.png,-23.59511705627424,-46.77879926957256,RAPOSO TAVARES,ZM_a,success,0
sp_RAPOSO TAVARES_ZM_a_00514.png,-23.5833612551871,-46.78679904544487,RAPOSO TAVARES,ZM_a,success,0
sp_RAPOSO TAVARES_ZM_a_00515.png,-23.58588025353809,-46.76162280959214,RAPOSO TAVARES,ZM_a,success,0
sp_RAPOSO TAVARES_ZM_a_00516.png,-23.595431558717635,-46.79870635113123,RAPOSO TAVARES,ZM_a,success,0
sp_RAPOSO TAVARES_ZM_a_00517.png,-23.594443229873388,-46.7704997936493,RAPOSO TAVARES,ZM_a,success,0
sp_LAPA_ZER_1_00518.png,-23.52743502348282,-46.717922665481744,LAPA,ZER_1,success,5
sp_LAPA_ZER_1_00519.png,-23.52895735928743,-46.71314461999247,LAPA,ZER_1,success,1
sp_LAPA_ZM_u_00520.png,-23.51565240596097,-46.71467033725316,LAPA,ZM_u,success,1
sp_LAPA_ZM_u_00521.png,-23.518216126536707,-46.69615085403407,LAPA,ZM_u,success,0
sp_LAPA_ZM_u_00522.png,-23.5342735695244,-46.7063602371617,LAPA,ZM_u,success,3
sp_LAPA_ZM_u_00523.png,-23.520068714610183,-46.694402757947564,LAPA,ZM_u,success,0
sp_LAPA_ZM_u_00524.png,-23.51208546890677,-46.7149062956642,LAPA,ZM_u,success,1
sp_LAPA_ZM_u_00525.png,-23.51282181306033,-46.69833037953328,LAPA,ZM_u,success,0
sp_LAPA_ZM_u_00526.png,-23.528358064659013,-46.70791482646826,LAPA,ZM_u,success,1
sp_LAPA_ZM_u_00527.png,-23.513316742220468,-46.71096678755477,LAPA,ZM_u,success,0
sp_JAGUARE_ZEIS_1_00528.png,-23.54616166324596,-46.74182180211816,JAGUARE,ZEIS_1,success,0
sp_JAGUARE_ZEIS_3_00529.png,-23.551809988835004,-46.753144955335166,JAGUARE,ZEIS_3,success,0
sp_JAGUARE_ZEIS_5_00530.png,-23.54909297405232,-46.75524113530023,JAGUARE,ZEIS_5,success,0
sp_JAGUARE_ZM_u_00531.png,-23.55470633782852,-46.74627535050286,JAGUARE,ZM_u,success,0
sp_JAGUARE_ZM_u_00532.png,-23.5513181460665,-46.74560444866995,JAGUARE,ZM_u,success,0
sp_JAGUARE_ZM_u_00533.png,-23.54851806613353,-46.75150284929742,JAGUARE,ZM_u,success,0
sp_JAGUARE_ZM_u_00534.png,-23.53131016758389,-46.756830568555095,JAGUARE,ZM_u,success,0
sp_JAGUARE_ZM_u_00535.png,-23.540494161735324,-46.75471182207817,JAGUARE,ZM_u,success,0
sp_GRAJAU_ZEIS_1_00536.png,-23.75691934515686,-46.68730883866448,GRAJAU,ZEIS_1,success,0
sp_GRAJAU_ZEIS_1_00537.png,-23.731449306629223,-46.67859389529559,GRAJAU,ZEIS_1,success,0
sp_GRAJAU_ZEIS_1_00538.png,-23.73719925901592,-46.66440557253413,GRAJAU,ZEIS_1,success,0
sp_GRAJAU_ZEIS_1_00539.png,-23.74812861675443,-46.65571551569633,GRAJAU,ZEIS_1,success,0
sp_GRAJAU_ZEIS_1_00540.png,-23.73997115027232,-46.658555185920605,GRAJAU,ZEIS_1,success,0
sp_GRAJAU_ZEIS_1_00541.png,-23.77414340157769,-46.67281811527821,GRAJAU,ZEIS_1,success,0
sp_GRAJAU_ZEIS_1_00542.png,-23.760600360696422,-46.67264492619204,GRAJAU,ZEIS_1,success,1
sp_GRAJAU_ZEIS_1_00543.png,-23.763277069860955,-46.67562246226949,GRAJAU,ZEIS_1,success,0
sp_GRAJAU_ZEIS_1_00544.png,-23.73861179416925,-46.680526244553135,GRAJAU,ZEIS_1,success,0
sp_GRAJAU_ZEIS_1_00545.png,-23.76850081101557,-46.70902888423752,GRAJAU,ZEIS_1,success,0
sp_GRAJAU_ZEIS_1_00546.png,-23.765857277488124,-46.70310766190527,GRAJAU,ZEIS_1,success,1
sp_GRAJAU_ZEIS_1_00547.png,-23.76047256272,-46.700094341065714,GRAJAU,ZEIS_1,success,0
sp_GRAJAU_ZEIS_1_00548.png,-23.765792253628508,-46.70899349575938,GRAJAU,ZEIS_1,success,1
sp_GRAJAU_ZEIS_1_00549.png,-23.78294740257459,-46.68043722073683,GRAJAU,ZEIS_1,success,0
sp_GRAJAU_ZEIS_1_00550.png,-23.7855917824996,-46.68635884035372,GRAJAU,ZEIS_1,success,0
sp_GRAJAU_ZEIS_1_00551.png,-23.788332502742573,-46.6834503375825,GRAJAU,ZEIS_1,success,0
sp_GRAJAU_ZEIS_1_00552.png,-23.82223350415889,-46.70024520781358,GRAJAU,ZEIS_1,success,0
sp_GRAJAU_ZEIS_1_00553.png,-23.81410784827917,-46.70013933518692,GRAJAU,ZEIS_1,success,0
sp_GRAJAU_ZEIS_1_00554.png,-23.754461289845032,-46.695264054472766,GRAJAU,ZEIS_1,success,1
sp_GRAJAU_ZEIS_1_00555.png,-23.78031198518293,-46.673201905694825,GRAJAU,ZEIS_1,success,0
sp_GRAJAU_ZEIS_1_00556.png,-23.75189179860462,-46.70045631650586,GRAJAU,ZEIS_1,success,0
sp_GRAJAU_ZEIS_1_00557.png,-23.76381487085492,-46.69382358708912,GRAJAU,ZEIS_1,success,0
sp_GRAJAU_ZEIS_1_00558.png,-23.774978675606,-46.69290515139994,GRAJAU,ZEIS_1,success,0
sp_GRAJAU_ZEIS_1_00559.png,-23.76420875949368,-46.68687911155897,GRAJAU,ZEIS_1,success,0
sp_GRAJAU_ZEIS_1_00560.png,-23.76969013027069,-46.68106289925793,GRAJAU,ZEIS_1,success,1
sp_GRAJAU_ZEIS_1_00561.png,-23.748398982498923,-46.67450689392152,GRAJAU,ZEIS_1,success,0
sp_GRAJAU_ZEIS_1_00562.png,-23.74531773031166,-46.66987683558376,GRAJAU,ZEIS_1,success,0
sp_GRAJAU_ZEIS_1_00563.png,-23.74534949930792,-46.66693432203903,GRAJAU,ZEIS_1,success,0
sp_GRAJAU_ZEIS_1_00564.png,-23.755002851505,-46.66405344277332,GRAJAU,ZEIS_1,success,0
sp_GRAJAU_ZEIS_1_00565.png,-23.752759803012644,-46.65748451955333,GRAJAU,ZEIS_1,success,0
sp_GRAJAU_ZEIS_1_00566.png,-23.74987938783156,-46.66342497763067,GRAJAU,ZEIS_1,success,0
sp_GRAJAU_ZEIS_1_00567.png,-23.779305901023136,-46.69807535645168,GRAJAU,ZEIS_1,success,0
sp_GRAJAU_ZEIS_1_00568.png,-23.744840882821663,-46.69453239364608,GRAJAU,ZEIS_1,success,0
sp_GRAJAU_ZEIS_1_00569.png,-23.742067661571348,-46.70038213827478,GRAJAU,ZEIS_1,success,0
sp_GRAJAU_ZEIS_1_00570.png,-23.741220922862087,-46.66974613416851,GRAJAU,ZEIS_1,success,0
sp_GRAJAU_ZEIS_1_00571.png,-23.743897722444444,-46.67272314737887,GRAJAU,ZEIS_1,success,0
sp_GRAJAU_ZEIS_1_00572.png,-23.794660671954087,-46.63961796085734,GRAJAU,ZEIS_1,success,0
sp_GRAJAU_ZEIS_4_00573.png,-23.76155851687124,-46.6814232327684,GRAJAU,ZEIS_4,success,0
sp_GRAJAU_ZEIS_4_00574.png,-23.778059646643538,-46.68819209384311,GRAJAU,ZEIS_4,success,0
sp_GRAJAU_ZEIS_4_00575.png,-23.758051346678712,-46.69710920635253,GRAJAU,ZEIS_4,success,0
sp_GRAJAU_ZEIS_4_00576.png,-23.770535044391817,-46.702555251253706,GRAJAU,ZEIS_4,success,0
sp_GRAJAU_ZEIS_4_00577.png,-23.77980177513172,-46.69271400327792,GRAJAU,ZEIS_4,success,0
sp_GRAJAU_ZEIS_4_00578.png,-23.771989919682728,-46.6791062363574,GRAJAU,ZEIS_4,success,0
sp_GRAJAU_ZEIS_4_00579.png,-23.778390959789263,-46.708797244420325,GRAJAU,ZEIS_4,success,0
sp_GRAJAU_ZEIS_4_00580.png,-23.77478989034178,-46.70907994931725,GRAJAU,ZEIS_4,success,0
sp_GRAJAU_ZEIS_4_00581.png,-23.761434470386863,-46.685658862102905,GRAJAU,ZEIS_4,success,0
sp_GRAJAU_ZEIS_4_00582.png,-23.766679702942792,-46.69971955614882,GRAJAU,ZEIS_4,success,0
sp_GRAJAU_ZEIS_4_00583.png,-23.765247272116746,-46.67908011532015,GRAJAU,ZEIS_4,success,0
sp_GRAJAU_ZEIS_4_00584.png,-23.760587943158097,-46.690996747036216,GRAJAU,ZEIS_4,success,0
sp_GRAJAU_ZMIS_a_00585.png,-23.75545472791937,-46.67942068903244,GRAJAU,ZMIS_a,success,0
sp_GRAJAU_ZM_a_00586.png,-23.74784403858665,-46.672228230506455,GRAJAU,ZM_a,success,0
sp_GRAJAU_ZM_a_00587.png,-23.77498671177511,-46.70554323054686,GRAJAU,ZM_a,success,0
sp_GRAJAU_ZM_a_00588.png,-23.748565461571644,-46.6640022912257,GRAJAU,ZM_a,success,0
sp_GRAJAU_ZM_a_00589.png,-23.748878354496764,-46.70668857251664,GRAJAU,ZM_a,success,0
sp_GRAJAU_ZM_a_00590.png,-23.754982562946875,-46.70435272502169,GRAJAU,ZM_a,success,0
sp_GRAJAU_ZM_a_00591.png,-23.76021454746856,-46.70827959597172,GRAJAU,ZM_a,success,0
sp_GRAJAU_ZM_a_00592.png,-23.77944954053009,-46.68774481349365,GRAJAU,ZM_a,success,0
sp_JARAGUA_ZEIS_1_00593.png,-23.451581587038,-46.72867200642261,JARAGUA,ZEIS_1,success,1
sp_JARAGUA_ZEIS_1_00594.png,-23.433377702334568,-46.72996601668194,JARAGUA,ZEIS_1,success,0
sp_JARAGUA_ZEIS_1_00595.png,-23.4353187966584,-46.73808869788429,JARAGUA,ZEIS_1,success,0
sp_JARAGUA_ZEIS_1_00596.png,-23.438060093514363,-46.73518856394254,JARAGUA,ZEIS_1,success,0
sp_JARAGUA_ZEIS_1_00597.png,-23.42380682794551,-46.7119349758352,JARAGUA,ZEIS_1,success,0
sp_JARAGUA_ZEIS_1_00598.png,-23.42648328599224,-46.71490519847017,JARAGUA,ZEIS_1,success,0
sp_JARAGUA_ZEIS_1_00599.png,-23.43702475263933,-46.72449992054664,JARAGUA,ZEIS_1,success,0
sp_JARAGUA_ZEIS_1_00600.png,-23.43925589001931,-46.74590820641179,JARAGUA,ZEIS_1,success,0
sp_JARAGUA_ZEIS_1_00601.png,-23.44643898815139,-46.75172802108267,JARAGUA,ZEIS_1,success,0
sp_JARAGUA_ZEIS_1_00602.png,-23.45184631247873,-46.70985781750262,JARAGUA,ZEIS_1,success,0
sp_JARAGUA_ZEIS_1_00603.png,-23.44368811481477,-46.71268893078498,JARAGUA,ZEIS_1,success,1
sp_JARAGUA_ZEIS_1_00604.png,-23.45181410511153,-46.71279372519136,JARAGUA,ZEIS_1,success,1
sp_JARAGUA_ZEIS_2_00605.png,-23.448069665396645,-46.72434106279735,JARAGUA,ZEIS_2,success,0
sp_JARAGUA_ZEIS_2_00606.png,-23.43718541159512,-46.74247640872907,JARAGUA,ZEIS_2,success,0
sp_JARAGUA_ZEIS_2_00607.png,-23.4597836181999,-46.73218930053282,JARAGUA,ZEIS_2,success,0
sp_JARAGUA_ZEIS_2_00608.png,-23.46436280357204,-46.7428663181604,JARAGUA,ZEIS_2,success,0
sp_JARAGUA_ZEIS_2_00609.png,-23.461685942231025,-46.74168569292256,JARAGUA,ZEIS_2,success,0
sp_JARAGUA_ZEIS_2_00610.png,-23.44888120112625,-46.75132724751701,JARAGUA,ZEIS_2,success,0
sp_JARAGUA_ZEIS_2_00611.png,-23.4659587237346,-46.75313966441501,JARAGUA,ZEIS_2,success,1
sp_JARAGUA_ZEIS_5_00612.png,-23.43289066339707,-46.74592531311239,JARAGUA,ZEIS_5,success,0
sp_JARAGUA_ZEIS_5_00613.png,-23.44628243795238,-46.71870603798968,JARAGUA,ZEIS_5,success,0
sp_JARAGUA_ZMIS_u_00614.png,-23.44342351123864,-46.72338514542188,JARAGUA,ZMIS_u,success,1
sp_JARAGUA_ZM_a_00615.png,-23.458381390965084,-46.73730094504877,JARAGUA,ZM_a,success,0
sp_JARAGUA_ZM_a_00616.png,-23.433387487894475,-46.70932445457719,JARAGUA,ZM_a,success,1
sp_JARAGUA_ZM_a_00617.png,-23.442962457698584,-46.7255754420632,JARAGUA,ZM_a,success,1
sp_JARAGUA_ZM_a_00618.png,-23.441006619036656,-46.72736953665354,JARAGUA,ZM_a,success,0
sp_JARAGUA_ZM_a_00619.png,-23.44167683857299,-46.75360343533438,JARAGUA,ZM_a,success,0
sp_JARAGUA_ZM_a_00620.png,-23.45561489095569,-46.72709450005167,JARAGUA,ZM_a,success,0
sp_JARAGUA_ZM_a_00621.png,-23.45724026139412,-46.7209812256397,JARAGUA,ZM_a,success,0
sp_JARAGUA_ZM_a_00622.png,-23.442595218577843,-46.7514863916321,JARAGUA,ZM_a,success,1
sp_JARAGUA_ZM_a_00623.png,-23.448517253675178,-46.75654821852493,JARAGUA,ZM_a,success,0
sp_JARAGUA_ZM_a_00624.png,-23.442890237248136,-46.744591173718,JARAGUA,ZM_a,success,0
sp_JARAGUA_ZM_u_00625.png,-23.44728177630072,-46.739294175226895,JARAGUA,ZM_u,success,0
sp_JARAGUA_ZM_u_00626.png,-23.46189231357096,-46.7435851586334,JARAGUA,ZM_u,success,0
sp_JARAGUA_ZM_u_00627.png,-23.47146483774082,-46.757356025232674,JARAGUA,ZM_u,success,0
sp_BELEM_ZEMP_00628.png,-23.531571322074345,-46.60657329768982,BELEM,ZEMP,success,0
sp_BELEM_ZM_u_00629.png,-23.52690580367368,-46.60293561707052,BELEM,ZM_u,success,1
sp_BELEM_ZM_u_00630.png,-23.534999903864662,-46.593951320950566,BELEM,ZM_u,success,0
sp_BELEM_ZM_u_00631.png,-23.53222005402468,-46.591731163557526,BELEM,ZM_u,success,1
sp_BELEM_ZM_u_00632.png,-23.53486862739956,-46.59763960408086,BELEM,ZM_u,success,0
sp_CAPAO REDONDO_ZEIS_1_00633.png,-23.669963080706,-46.775144208311744,CAPAO REDONDO,ZEIS_1,success,1
sp_CAPAO REDONDO_ZEIS_1_00634.png,-23.682839215715344,-46.79799439801577,CAPAO REDONDO,ZEIS_1,success,0
sp_CAPAO REDONDO_ZEIS_1_00635.png,-23.661937420306334,-46.79155004197466,CAPAO REDONDO,ZEIS_1,success,0
sp_CAPAO REDONDO_ZEIS_1_00636.png,-23.65394749694825,-46.779678200632254,CAPAO REDONDO,ZEIS_1,success,0
sp_CAPAO REDONDO_ZEIS_1_00637.png,-23.659330683306617,-46.782691931320976,CAPAO REDONDO,ZEIS_1,success,0
sp_CAPAO REDONDO_ZEIS_1_00638.png,-23.65387985623025,-46.78555877559345,CAPAO REDONDO,ZEIS_1,success,0
sp_CAPAO REDONDO_ZEIS_1_00639.png,-23.667285937366128,-46.79256763649031,CAPAO REDONDO,ZEIS_1,success,0
sp_CAPAO REDONDO_ZEIS_1_00640.png,-23.690886896676005,-46.7964849801731,CAPAO REDONDO,ZEIS_1,success,0
sp_CAPAO REDONDO_ZEIS_1_00641.png,-23.683723797626683,-46.78465156476955,CAPAO REDONDO,ZEIS_1,success,0
sp_CAPAO REDONDO_ZEIS_1_00642.png,-23.68643227413633,-46.784688376134575,CAPAO REDONDO,ZEIS_1,success,0
sp_CAPAO REDONDO_ZEIS_1_00643.png,-23.67563222018612,-46.7816003914718,CAPAO REDONDO,ZEIS_1,success,1
sp_CAPAO REDONDO_ZEIS_1_00644.png,-23.67714237613653,-46.76975134203916,CAPAO REDONDO,ZEIS_1,success,1
sp_CAPAO REDONDO_ZEIS_1_00645.png,-23.66737418725895,-46.76181653241476,CAPAO REDONDO,ZEIS_1,success,0
sp_CAPAO REDONDO_ZEIS_1_00646.png,-23.67502983794812,-46.79419710248956,CAPAO REDONDO,ZEIS_1,success,0
sp_CAPAO REDONDO_ZEIS_1_00647.png,-23.68423695159509,-46.79706328733189,CAPAO REDONDO,ZEIS_1,success,1
sp_CAPAO REDONDO_ZM_a_00648.png,-23.691987167839784,-46.7950531468353,CAPAO REDONDO,ZM_a,success,1
sp_SANTANA_ZEMP_00649.png,-23.50249615465287,-46.632015693330494,SANTANA,ZEMP,success,0
sp_SANTANA_ZM_u_00650.png,-23.490380444263327,-46.63288734410509,SANTANA,ZM_u,success,0
sp_SANTANA_ZM_u_00651.png,-23.49067560963193,-46.63949376940522,SANTANA,ZM_u,success,3
sp_SANTANA_ZM_u_00652.png,-23.492186867818145,-46.64271471813918,SANTANA,ZM_u,success,0
sp_SANTANA_ZM_u_00653.png,-23.49471394430274,-46.63755881798143,SANTANA,ZM_u,success,0
sp_CAMPO LIMPO_ZEIS_1_00654.png,-23.6411053191388,-46.76008267929917,CAMPO LIMPO,ZEIS_1,success,0
sp_CAMPO LIMPO_ZEIS_1_00655.png,-23.632727168305035,-46.74905221398664,CAMPO LIMPO,ZEIS_1,success,0
sp_CAMPO LIMPO_ZEIS_1_00656.png,-23.62364677062091,-46.746743798514615,CAMPO LIMPO,ZEIS_1,success,0
sp_CAMPO LIMPO_ZEIS_1_00657.png,-23.63704775627494,-46.74516842387959,CAMPO LIMPO,ZEIS_1,success,0
sp_CAMPO LIMPO_ZEIS_1_00658.png,-23.638877269828605,-46.78255824067803,CAMPO LIMPO,ZEIS_1,success,0
sp_CAMPO LIMPO_ZEIS_1_00659.png,-23.64345447732373,-46.77541049398794,CAMPO LIMPO,ZEIS_1,success,2
sp_CAMPO LIMPO_ZEIS_1_00660.png,-23.63590227566561,-46.766964940258205,CAMPO LIMPO,ZEIS_1,success,0
sp_CAMPO LIMPO_ZEIS_1_00661.png,-23.642597257275856,-46.77690700947117,CAMPO LIMPO,ZEIS_1,success,0
sp_CAMPO LIMPO_ZEIS_1_00662.png,-23.6480435450496,-46.77113490229711,CAMPO LIMPO,ZEIS_1,success,1
sp_CAMPO LIMPO_ZEIS_1_00663.png,-23.64523401325651,-46.77991875496684,CAMPO LIMPO,ZEIS_1,success,1
sp_CAMPO LIMPO_ZEIS_1_00664.png,-23.63295079257277,-46.75523644212474,CAMPO LIMPO,ZEIS_1,success,0
sp_CAMPO LIMPO_ZEIS_1_00665.png,-23.64380974232684,-46.74995558067631,CAMPO LIMPO,ZEIS_1,success,0
sp_CAMPO LIMPO_ZEIS_2_00666.png,-23.64406454493892,-46.76653898883772,CAMPO LIMPO,ZEIS_2,success,0
sp_CAMPO LIMPO_ZMIS_u_00667.png,-23.639610458372992,-46.76145009294259,CAMPO LIMPO,ZMIS_u,success,0
sp_CAMPO LIMPO_ZM_u_00668.png,-23.62039365239941,-46.75293354520741,CAMPO LIMPO,ZM_u,success,0
sp_CAMPO LIMPO_ZM_u_00669.png,-23.63878548631401,-46.75796015593491,CAMPO LIMPO,ZM_u,success,2
sp_CAMPO LIMPO_ZM_u_00670.png,-23.649013144163938,-46.764037776826726,CAMPO LIMPO,ZM_u,success,0
sp_CAMPO LIMPO_ZM_u_00671.png,-23.650919371929383,-46.765512799452914,CAMPO LIMPO,ZM_u,success,0
sp_CAMPO LIMPO_ZM_u_00672.png,-23.655327227990373,-46.76539619603936,CAMPO LIMPO,ZM_u,success,0
sp_CAMPO LIMPO_ZM_u_00673.png,-23.6497987431882,-46.76885385587532,CAMPO LIMPO,ZM_u,success,0
sp_CAMPO LIMPO_ZM_u_00674.png,-23.64480136512774,-46.786548042496506,CAMPO LIMPO,ZM_u,success,0
sp_CAMPO LIMPO_ZM_u_00675.png,-23.62666309412247,-46.7466411758644,CAMPO LIMPO,ZM_u,success,7
sp_CAMPO LIMPO_ZM_u_00676.png,-23.63025948482841,-46.74966847213373,CAMPO LIMPO,ZM_u,success,0
sp_CAMPO LIMPO_ZM_u_00677.png,-23.61529394447119,-46.75758372050857,CAMPO LIMPO,ZM_u,success,0
sp_CAMPO LIMPO_ZM_u_00678.png,-23.639478455797327,-46.76888053983688,CAMPO LIMPO,ZM_u,success,1
sp_CIDADE ADEMAR_ZEIS_1_00679.png,-23.68055550190577,-46.64804081644953,CIDADE ADEMAR,ZEIS_1,success,0
sp_CIDADE ADEMAR_ZEIS_1_00680.png,-23.67775268704177,-46.65682990147011,CIDADE ADEMAR,ZEIS_1,success,0
sp_CIDADE ADEMAR_ZEIS_1_00681.png,-23.686525811556667,-46.64510693783571,CIDADE ADEMAR,ZEIS_1,success,1
sp_CIDADE ADEMAR_ZEIS_1_00682.png,-23.691943158510533,-46.6451748195897,CIDADE ADEMAR,ZEIS_1,success,0
sp_CIDADE ADEMAR_ZEIS_1_00683.png,-23.684366425009,-46.65534637696,CIDADE ADEMAR,ZEIS_1,success,1
sp_CIDADE ADEMAR_ZEIS_1_00684.png,-23.681594770967763,-46.661194436062445,CIDADE ADEMAR,ZEIS_1,success,2
sp_CIDADE ADEMAR_ZEIS_1_00685.png,-23.681601646964747,-46.66722925355573,CIDADE ADEMAR,ZEIS_1,success,0
sp_CIDADE ADEMAR_ZEIS_1_00686.png,-23.67574570623114,-46.66147584799037,CIDADE ADEMAR,ZEIS_1,success,0
sp_CIDADE ADEMAR_ZEIS_1_00687.png,-23.68222131423245,-46.646839276011725,CIDADE ADEMAR,ZEIS_1,success,0
sp_CIDADE ADEMAR_ZEIS_1_00688.png,-23.677205410039512,-46.63287249132992,CIDADE ADEMAR,ZEIS_1,success,0
sp_SAO MATEUS_ZEIS_1_00689.png,-23.605695241623025,-46.47492373324531,SAO MATEUS,ZEIS_1,success,1
sp_SAO MATEUS_ZEIS_1_00690.png,-23.59705777753564,-46.47954968232796,SAO MATEUS,ZEIS_1,success,0
sp_SAO MATEUS_ZEIS_1_00691.png,-23.60271694703277,-46.485847249493744,SAO MATEUS,ZEIS_1,success,0
sp_SAO MATEUS_ZEIS_1_00692.png,-23.594301717251668,-46.4963353990396,SAO MATEUS,ZEIS_1,success,0
sp_SAO MATEUS_ZEIS_1_00693.png,-23.605424937078933,-46.48546813505074,SAO MATEUS,ZEIS_1,success,1
sp_SAO MATEUS_ZEIS_1_00694.png,-23.61402162641708,-46.457499171703766,SAO MATEUS,ZEIS_1,success,0
sp_SAO MATEUS_ZEIS_2_00695.png,-23.60134615560767,-46.4600766071821,SAO MATEUS,ZEIS_2,success,2
sp_SAO MATEUS_ZEIS_5_00696.png,-23.59608016512082,-46.47332740911814,SAO MATEUS,ZEIS_5,success,0
sp_SAO MATEUS_ZEIS_5_00697.png,-23.606630556318503,-46.456490114272434,SAO MATEUS,ZEIS_5,success,0
sp_SAO MATEUS_ZM_a_00698.png,-23.61545954477929,-46.46750402350991,SAO MATEUS,ZM_a,success,0
sp_SAO MATEUS_ZM_a_00699.png,-23.605332143447537,-46.4589853867472,SAO MATEUS,ZM_a,success,0
sp_SAO MATEUS_ZM_a_00700.png,-23.597149035829457,-46.46420877986241,SAO MATEUS,ZM_a,success,0
sp_ARICANDUVA_ZEIS_1_00701.png,-23.568891502488743,-46.519101433010746,ARICANDUVA,ZEIS_1,success,0
sp_ARICANDUVA_ZEIS_5_00702.png,-23.559853889932526,-46.51587469884712,ARICANDUVA,ZEIS_5,success,0
sp_ARICANDUVA_ZM_u_00703.png,-23.58339148873662,-46.51502544476347,ARICANDUVA,ZM_u,success,0
sp_VILA CURUCA_ZEIS_1_00704.png,-23.51568740562621,-46.40289018801882,VILA CURUCA,ZEIS_1,success,0
sp_VILA CURUCA_ZEIS_1_00705.png,-23.512925318158025,-46.4087368623176,VILA CURUCA,ZEIS_1,success,2
sp_VILA CURUCA_ZEIS_1_00706.png,-23.510958670598068,-46.41378419103935,VILA CURUCA,ZEIS_1,success,0
sp_VILA CURUCA_ZEIS_1_00707.png,-23.51453297252374,-46.42673465555484,VILA CURUCA,ZEIS_1,success,1
sp_VILA CURUCA_ZEIS_1_00708.png,-23.518521953509936,-46.41636830597097,VILA CURUCA,ZEIS_1,success,0
sp_VILA CURUCA_ZEIS_1_00709.png,-23.506675542224407,-46.40497569836249,VILA CURUCA,ZEIS_1,success,0
sp_VILA CURUCA_ZEIS_1_00710.png,-23.52641751019804,-46.4002855452423,VILA CURUCA,ZEIS_1,success,0
sp_VILA CURUCA_ZM_u_00711.png,-23.51103241032561,-46.41718102459704,VILA CURUCA,ZM_u,success,1
sp_VILA CURUCA_ZM_u_00712.png,-23.5191871283322,-46.430216046902856,VILA CURUCA,ZM_u,success,0
sp_ITAIM BIBI_ZM_u_00713.png,-23.59118738918488,-46.68570295093593,ITAIM BIBI,ZM_u,success,1
sp_ITAIM BIBI_ZM_u_00714.png,-23.591123474748613,-46.69082516051584,ITAIM BIBI,ZM_u,success,0
sp_SAO DOMINGOS_ZEIS_1_00715.png,-23.491699723758,-46.758443081335535,SAO DOMINGOS,ZEIS_1,success,0
sp_SAO DOMINGOS_ZEIS_1_00716.png,-23.48356053028653,-46.75780311002249,SAO DOMINGOS,ZEIS_1,success,0
sp_SAO DOMINGOS_ZEIS_1_00717.png,-23.48359362655053,-46.75486657014737,SAO DOMINGOS,ZEIS_1,success,0
sp_SAO DOMINGOS_ZER_1_00718.png,-23.497563288833177,-46.73185908846652,SAO DOMINGOS,ZER_1,success,5
sp_SAO DOMINGOS_ZM_u_00719.png,-23.507186929933937,-46.72479772490163,SAO DOMINGOS,ZM_u,success,0
sp_SAO DOMINGOS_ZM_u_00720.png,-23.47425287541671,-46.75412305471426,SAO DOMINGOS,ZM_u,success,0
sp_SAO DOMINGOS_ZM_u_00721.png,-23.498019589034417,-46.75159902069822,SAO DOMINGOS,ZM_u,success,1
sp_VILA LEOPOLDINA_ZM_u_00722.png,-23.539952982772565,-46.73429626771708,VILA LEOPOLDINA,ZM_u,success,0
sp_VILA LEOPOLDINA_ZM_u_00723.png,-23.529361321652893,-46.74089909528991,VILA LEOPOLDINA,ZM_u,success,2
sp_VILA LEOPOLDINA_ZM_u_00724.png,-23.518013068040872,-46.727568192393306,VILA LEOPOLDINA,ZM_u,success,0
sp_VILA LEOPOLDINA_ZM_u_00725.png,-23.53973446099581,-46.73996010178498,VILA LEOPOLDINA,ZM_u,success,0
sp_FREGUESIA DO O_ZEIS_2_00726.png,-23.467821070031583,-46.71061760024086,FREGUESIA DO O,ZEIS_2,success,0
sp_FREGUESIA DO O_ZEMP_00727.png,-23.502842940024664,-46.701629672865415,FREGUESIA DO O,ZEMP,success,2
sp_FREGUESIA DO O_ZM_u_00728.png,-23.480142736618195,-46.69592762952235,FREGUESIA DO O,ZM_u,success,0
sp_FREGUESIA DO O_ZM_u_00729.png,-23.4932230438212,-46.70752739642204,FREGUESIA DO O,ZM_u,success,0
sp_CASA VERDE_ZEMP_00730.png,-23.50569679623973,-46.6656525478102,CASA VERDE,ZEMP,success,1
sp_CASA VERDE_ZM_u_00731.png,-23.5035021365971,-46.6535476061202,CASA VERDE,ZM_u,success,0
sp_CASA VERDE_ZM_u_00732.png,-23.48769750796208,-46.65979904392679,CASA VERDE,ZM_u,success,0
sp_CASA VERDE_ZM_u_00733.png,-23.48654161975503,-46.66196045629019,CASA VERDE,ZM_u,success,2
sp_MOOCA_ZM_u_00734.png,-23.54935068334063,-46.59899510044465,MOOCA,ZM_u,success,0
sp_MOOCA_ZM_u_00735.png,-23.55142476807972,-46.59365732051241,MOOCA,ZM_u,success,2
sp_MOOCA_ZM_u_00736.png,-23.55786190176945,-46.607499355161664,MOOCA,ZM_u,success,0
sp_BRASILANDIA_ZEIS_1_00737.png,-23.466097620109675,-46.68491802737578,BRASILANDIA,ZEIS_1,success,0
sp_BRASILANDIA_ZEIS_1_00738.png,-23.46281192316531,-46.69475708527919,BRASILANDIA,ZEIS_1,success,0
sp_BRASILANDIA_ZEIS_1_00739.png,-23.46327855538802,-46.69237457248991,BRASILANDIA,ZEIS_1,success,0
sp_BRASILANDIA_ZEIS_1_00740.png,-23.460665203551137,-46.68353162014948,BRASILANDIA,ZEIS_1,success,0
sp_BRASILANDIA_ZEIS_1_00741.png,-23.46337390314485,-46.683565979810034,BRASILANDIA,ZEIS_1,success,1
sp_BRASILANDIA_ZEIS_1_00742.png,-23.46704328328496,-46.67970160907888,BRASILANDIA,ZEIS_1,success,0
sp_BRASILANDIA_ZEIS_1_00743.png,-23.45586460977029,-46.70999580914814,BRASILANDIA,ZEIS_1,success,0
sp_BRASILANDIA_ZEIS_1_00744.png,-23.44785700593713,-46.69759886856964,BRASILANDIA,ZEIS_1,success,0
sp_BRASILANDIA_ZEIS_1_00745.png,-23.450629476124284,-46.691761682270354,BRASILANDIA,ZEIS_1,success,0
sp_BRASILANDIA_ZEIS_1_00746.png,-23.45075638552372,-46.68001799673506,BRASILANDIA,ZEIS_1,success,0
sp_BRASILANDIA_ZEIS_1_00747.png,-23.45420163698191,-46.70819910743444,BRASILANDIA,ZEIS_1,success,0
sp_BRASILANDIA_ZEIS_1_00748.png,-23.455367020864763,-46.70076497770725,BRASILANDIA,ZEIS_1,success,0
sp_BRASILANDIA_ZEIS_1_00749.png,-23.45810768784517,-46.697863615703966,BRASILANDIA,ZEIS_1,success,0
sp_BRASILANDIA_ZEIS_1_00750.png,-23.46081636823109,-46.697898263554826,BRASILANDIA,ZEIS_1,success,0
sp_BRASILANDIA_ZEIS_1_00751.png,-23.441410748919125,-46.70750753586897,BRASILANDIA,ZEIS_1,success,0
sp_BRASILANDIA_ZEIS_1_00752.png,-23.44610514938413,-46.70155065610575,BRASILANDIA,ZEIS_1,success,0
sp_BRASILANDIA_ZEIS_1_00753.png,-23.476359586512405,-46.68536204722536,BRASILANDIA,ZEIS_1,success,0
sp_BRASILANDIA_ZEIS_1_00754.png,-23.47916015400857,-46.68469045935778,BRASILANDIA,ZEIS_1,success,1
sp_BRASILANDIA_ZM_u_00755.png,-23.46005770047729,-46.69235396800226,BRASILANDIA,ZM_u,success,0
sp_SACOMA_ZEIS_1_00756.png,-23.620686267236163,-46.59094872758451,SACOMA,ZEIS_1,success,0
sp_SACOMA_ZEIS_1_00757.png,-23.609851178832923,-46.59081790044811,SACOMA,ZEIS_1,success,0
sp_SACOMA_ZEIS_1_00758.png,-23.6525479219982,-46.60562856239122,SACOMA,ZEIS_1,success,0
sp_SACOMA_ZEIS_1_00759.png,-23.65189570382774,-46.596366391980965,SACOMA,ZEIS_1,success,0
sp_SACOMA_ZEIS_2_00760.png,-23.655190736822075,-46.60724254241227,SACOMA,ZEIS_2,success,0
sp_SACOMA_ZM_u_00761.png,-23.619401883987955,-46.5989898928876,SACOMA,ZM_u,success,1
sp_SACOMA_ZM_u_00762.png,-23.61512184161815,-46.58660227584828,SACOMA,ZM_u,success,0
sp_SACOMA_ZM_u_00763.png,-23.614017996533224,-46.58249988330933,SACOMA,ZM_u,success,0
sp_SACOMA_ZM_u_00764.png,-23.62512567334569,-46.58525088259222,SACOMA,ZM_u,success,0
sp_SACOMA_ZM_u_00765.png,-23.63140642373768,-46.5898174828489,SACOMA,ZM_u,success,0
sp_SACOMA_ZM_u_00766.png,-23.61656506854706,-46.58546982227762,SACOMA,ZM_u,success,0
sp_SACOMA_ZM_u_00767.png,-23.61071637852481,-46.58692067432354,SACOMA,ZM_u,success,0
sp_SACOMA_ZM_u_00768.png,-23.65754393898062,-46.61275780275835,SACOMA,ZM_u,success,0
sp_SACOMA_ZM_u_00769.png,-23.607727870524933,-46.59262327602481,SACOMA,ZM_u,success,0
sp_SACOMA_ZM_u_00770.png,-23.642250324339145,-46.59989993232946,SACOMA,ZM_u,success,0
sp_SACOMA_ZM_u_00771.png,-23.627208617120043,-46.6034165614434,SACOMA,ZM_u,success,0
sp_LIMAO_ZEIS_1_00772.png,-23.494051233465672,-46.66936583888429,LIMAO,ZEIS_1,success,1
sp_LIMAO_ZEIS_1_00773.png,-23.50453781637449,-46.686158843793,LIMAO,ZEIS_1,success,0
sp_LIMAO_ZEIS_1_00774.png,-23.509760051137924,-46.67741351114759,LIMAO,ZEIS_1,success,0
sp_LIMAO_ZEMP_00775.png,-23.50280071463297,-46.66975878263741,LIMAO,ZEMP,success,0
sp_LIMAO_ZEMP_00776.png,-23.50088184466896,-46.68601848826771,LIMAO,ZEMP,success,0
sp_LIMAO_ZEMP_00777.png,-23.50687540171831,-46.67586793703197,LIMAO,ZEMP,success,0
sp_LIMAO_ZEMP_00778.png,-23.50335394453161,-46.67706898131714,LIMAO,ZEMP,success,1
sp_LIMAO_ZM_u_00779.png,-23.4975341339958,-46.67060650263912,LIMAO,ZM_u,success,0
sp_ITAIM PAULISTA_ZEIS_1_00780.png,-23.519773942296588,-46.3964356872981,ITAIM PAULISTA,ZEIS_1,success,0
sp_ITAIM PAULISTA_ZEIS_1_00781.png,-23.517117485969184,-46.3905315164271,ITAIM PAULISTA,ZEIS_1,success,0
sp_ITAIM PAULISTA_ZEIS_1_00782.png,-23.50471858955409,-46.389661632750986,ITAIM PAULISTA,ZEIS_1,success,0
sp_ITAIM PAULISTA_ZEIS_1_00783.png,-23.50393467713689,-46.36981449190852,ITAIM PAULISTA,ZEIS_1,success,0
sp_ITAIM PAULISTA_ZEIS_1_00784.png,-23.50396048475484,-46.36687695563847,ITAIM PAULISTA,ZEIS_1,success,0
sp_ITAIM PAULISTA_ZEIS_1_00785.png,-23.514786605312626,-46.37435250400517,ITAIM PAULISTA,ZEIS_1,success,0
sp_ITAIM PAULISTA_ZEIS_1_00786.png,-23.49857507968972,-46.39069432340602,ITAIM PAULISTA,ZEIS_1,success,0
sp_ITAIM PAULISTA_ZEIS_1_00787.png,-23.50412631339016,-46.379613735563154,ITAIM PAULISTA,ZEIS_1,success,0
sp_ITAIM PAULISTA_ZEIS_1_00788.png,-23.51222746402592,-46.38263610258905,ITAIM PAULISTA,ZEIS_1,success,0
sp_ITAIM PAULISTA_ZEIS_1_00789.png,-23.50149504356571,-46.37077310529434,ITAIM PAULISTA,ZEIS_1,success,0
sp_ITAIM PAULISTA_ZEIS_1_00790.png,-23.50571343334871,-46.40494594797194,ITAIM PAULISTA,ZEIS_1,success,0
sp_ITAIM PAULISTA_ZEIS_1_00791.png,-23.49549542346384,-46.38244060230903,ITAIM PAULISTA,ZEIS_1,success,0
sp_ITAIM PAULISTA_ZM_u_00792.png,-23.50765105982964,-46.39897652492149,ITAIM PAULISTA,ZM_u,success,0
sp_PEDREIRA_ZEIS_1_00793.png,-23.692791082704712,-46.65007004824661,PEDREIRA,ZEIS_1,success,0
sp_PEDREIRA_ZEIS_1_00794.png,-23.695608848080504,-46.64710107674429,PEDREIRA,ZEIS_1,success,0
sp_PEDREIRA_ZEIS_1_00795.png,-23.69573360832337,-46.63533531723597,PEDREIRA,ZEIS_1,success,0
sp_PEDREIRA_ZEIS_1_00796.png,-23.6984422923692,-46.6353690687757,PEDREIRA,ZEIS_1,success,0
sp_PEDREIRA_ZEIS_1_00797.png,-23.68961891077341,-46.66272999557978,PEDREIRA,ZEIS_1,success,0
sp_PEDREIRA_ZEIS_1_00798.png,-23.7118833790134,-46.65532999048696,PEDREIRA,ZEIS_1,success,0
sp_PEDREIRA_ZEIS_1_00799.png,-23.71044451587135,-46.65986509676157,PEDREIRA,ZEIS_1,success,0
sp_PEDREIRA_ZEIS_1_00800.png,-23.71111325056804,-46.61983685977788,PEDREIRA,ZEIS_1,success,0
sp_PEDREIRA_ZEIS_1_00801.png,-23.70840454999,-46.61980340864171,PEDREIRA,ZEIS_1,success,0
sp_PEDREIRA_ZEIS_1_00802.png,-23.688134112484818,-46.65783260203232,PEDREIRA,ZEIS_1,success,0
sp_PEDREIRA_ZEIS_1_00803.png,-23.68798314289808,-46.65296811713012,PEDREIRA,ZEIS_1,success,0
sp_PEDREIRA_ZEIS_4_00804.png,-23.70013585350076,-46.632643327742,PEDREIRA,ZEIS_4,success,0
sp_PEDREIRA_ZEIS_4_00805.png,-23.70830651162501,-46.650551002833545,PEDREIRA,ZEIS_4,success,0
sp_PEDREIRA_ZER_a_00806.png,-23.719625973930487,-46.64293116264921,PEDREIRA,ZER_a,success,0
sp_PEDREIRA_ZER_a_00807.png,-23.72236586758348,-46.64002307166405,PEDREIRA,ZER_a,success,0
sp_PEDREIRA_ZER_a_00808.png,-23.722272014969263,-46.64884916943076,PEDREIRA,ZER_a,success,0
sp_PEDREIRA_ZER_a_00809.png,-23.71971947908593,-46.6341052167456,PEDREIRA,ZER_a,success,0
sp_PEDREIRA_ZER_a_00810.png,-23.71544111887421,-46.63652428911501,PEDREIRA,ZER_a,success,0
sp_PEDREIRA_ZER_a_00811.png,-23.72256726355896,-46.63716840622262,PEDREIRA,ZER_a,success,0
sp_PEDREIRA_ZM_a_00812.png,-23.69127217021105,-46.6566201110159,PEDREIRA,ZM_a,success,1
sp_PEDREIRA_ZM_a_00813.png,-23.71260888292462,-46.62590013850742,PEDREIRA,ZM_a,success,0
sp_PEDREIRA_ZM_a_00814.png,-23.713505972910884,-46.62043980297714,PEDREIRA,ZM_a,success,0
sp_PEDREIRA_ZM_a_00815.png,-23.71501171759956,-46.630713291274944,PEDREIRA,ZM_a,success,0
sp_PEDREIRA_ZM_a_00816.png,-23.71096022148921,-46.6270029195833,PEDREIRA,ZM_a,success,1
sp_PEDREIRA_ZM_a_00817.png,-23.70925168942768,-46.63199541628431,PEDREIRA,ZM_a,success,0
sp_PEDREIRA_ZM_a_00818.png,-23.71156682782986,-46.63358671717989,PEDREIRA,ZM_a,success,0
sp_PEDREIRA_ZM_a_00819.png,-23.71316585041391,-46.63174570717936,PEDREIRA,ZM_a,success,0
sp_PEDREIRA_ZM_a_00820.png,-23.71669640631974,-46.628564980153726,PEDREIRA,ZM_a,success,1
sp_PEDREIRA_ZM_a_00821.png,-23.704078059227648,-46.644864801078704,PEDREIRA,ZM_a,success,3
sp_MANDAQUI_ZM_a_00822.png,-23.45226966023877,-46.644462128881145,MANDAQUI,ZM_a,success,1
sp_MANDAQUI_ZM_a_00823.png,-23.4521854868484,-46.64993738700365,MANDAQUI,ZM_a,success,0
sp_MANDAQUI_ZM_u_00824.png,-23.47050571648547,-46.6371587568511,MANDAQUI,ZM_u,success,0
sp_MANDAQUI_ZM_u_00825.png,-23.47965880903504,-46.64130683431409,MANDAQUI,ZM_u,success,3
sp_AGUA RASA_ZM_u_00826.png,-23.570184441531808,-46.57759145026443,AGUA RASA,ZM_u,success,0
sp_AGUA RASA_ZM_u_00827.png,-23.571185155685715,-46.575140785295815,AGUA RASA,ZM_u,success,0
sp_BOM RETIRO_ZEIS_3_00828.png,-23.521274451931507,-46.63852379424446,BOM RETIRO,ZEIS_3,success,0
sp_BOM RETIRO_ZM_u_00829.png,-23.522957190014058,-46.63453761350043,BOM RETIRO,ZM_u,success,1
sp_BOM RETIRO_ZM_u_00830.png,-23.51945477629499,-46.64251017549508,BOM RETIRO,ZM_u,success,0
sp_ERMELINO MATARAZZO_ZEIS_1_00831.png,-23.48137079335434,-46.49386897675354,ERMELINO MATARAZZO,ZEIS_1,success,0
sp_ERMELINO MATARAZZO_ZEIS_1_00832.png,-23.49499952246791,-46.48749395393509,ERMELINO MATARAZZO,ZEIS_1,success,0
sp_ERMELINO MATARAZZO_ZEIS_1_00833.png,-23.496785085833864,-46.46959557485232,ERMELINO MATARAZZO,ZEIS_1,success,0
sp_ERMELINO MATARAZZO_ZEIS_1_00834.png,-23.48712072724408,-46.49218458268713,ERMELINO MATARAZZO,ZEIS_1,success,0
sp_ERMELINO MATARAZZO_ZEIS_1_00835.png,-23.49124204352096,-46.49888501749054,ERMELINO MATARAZZO,ZEIS_1,success,0
sp_ERMELINO MATARAZZO_ZEIS_1_00836.png,-23.488393883804186,-46.4864868723713,ERMELINO MATARAZZO,ZEIS_1,success,0
sp_ERMELINO MATARAZZO_ZEIS_1_00837.png,-23.48838735170568,-46.47532799515465,ERMELINO MATARAZZO,ZEIS_1,success,0
sp_ERMELINO MATARAZZO_ZEIS_1_00838.png,-23.50092744797228,-46.49318287440714,ERMELINO MATARAZZO,ZEIS_1,success,0
sp_ERMELINO MATARAZZO_ZEIS_5_00839.png,-23.48259965872149,-46.481792014615166,ERMELINO MATARAZZO,ZEIS_5,success,0
sp_ERMELINO MATARAZZO_ZEIS_5_00840.png,-23.48329245462876,-46.47738107098271,ERMELINO MATARAZZO,ZEIS_5,success,0
sp_ERMELINO MATARAZZO_ZM_u_00841.png,-23.503513826504992,-46.484015117780274,ERMELINO MATARAZZO,ZM_u,success,2
sp_SANTO AMARO_ZEMP_00842.png,-23.65691065192501,-46.70131267524712,SANTO AMARO,ZEMP,success,0
sp_SANTO AMARO_ZER_1_00843.png,-23.63865689196641,-46.685751239877725,SANTO AMARO,ZER_1,success,8
sp_SANTO AMARO_ZER_1_00844.png,-23.635865427015084,-46.68909686271248,SANTO AMARO,ZER_1,success,5
sp_SANTO AMARO_ZER_1_00845.png,-23.649167483456083,-46.67983950776751,SANTO AMARO,ZER_1,success,8
sp_SANTO AMARO_ZER_1_00846.png,-23.640647368789825,-46.6820859806894,SANTO AMARO,ZER_1,success,0
sp_SANTO AMARO_ZER_1_00847.png,-23.639601222502566,-46.6909805717164,SANTO AMARO,ZER_1,success,0
sp_SANTO AMARO_ZER_1_00848.png,-23.63433763797477,-46.68242235804323,SANTO AMARO,ZER_1,success,4
sp_SANTO AMARO_ZER_1_00849.png,-23.64470117252598,-46.6835080836843,SANTO AMARO,ZER_1,success,2
sp_SANTO AMARO_ZER_1_00850.png,-23.648413824776544,-46.68149632686567,SANTO AMARO,ZER_1,success,3
sp_SANTO AMARO_ZER_1_00851.png,-23.644382283715927,-46.68185740870737,SANTO AMARO,ZER_1,success,1
sp_SANTO AMARO_ZER_1_00852.png,-23.644535677725862,-46.68509999082373,SANTO AMARO,ZER_1,success,0
sp_SANTO AMARO_ZER_1_00853.png,-23.644208012733404,-46.68023323803845,SANTO AMARO,ZER_1,success,4
sp_SANTO AMARO_ZER_1_00854.png,-23.65232144166451,-46.69210925127824,SANTO AMARO,ZER_1,success,3
sp_SANTO AMARO_ZER_1_00855.png,-23.645847924410702,-46.69292259434046,SANTO AMARO,ZER_1,success,6
sp_SANTO AMARO_ZM_u_00856.png,-23.624614606866707,-46.70155991908938,SANTO AMARO,ZM_u,success,1
sp_SANTO AMARO_ZM_u_00857.png,-23.64208138013292,-46.7181210729218,SANTO AMARO,ZM_u,success,0
sp_SANTO AMARO_ZM_u_00858.png,-23.64292016110917,-46.72189548079635,SANTO AMARO,ZM_u,success,0
sp_SANTO AMARO_ZM_u_00859.png,-23.634974241393515,-46.71642313037725,SANTO AMARO,ZM_u,success,0
sp_SANTO AMARO_ZM_u_00860.png,-23.628514739723467,-46.71102755527185,SANTO AMARO,ZM_u,success,0
sp_SANTO AMARO_ZM_u_00861.png,-23.627882628702302,-46.69642558351415,SANTO AMARO,ZM_u,success,1
sp_SANTO AMARO_ZM_u_00862.png,-23.62259733605014,-46.69726648971486,SANTO AMARO,ZM_u,success,2
sp_SANTO AMARO_ZM_u_00863.png,-23.63305807805224,-46.7077019606393,SANTO AMARO,ZM_u,success,9
sp_VILA MARIANA_ZM_u_00864.png,-23.589554894516382,-46.6293897834219,VILA MARIANA,ZM_u,success,2
sp_VILA MARIANA_ZM_u_00865.png,-23.58556838000949,-46.62623742317123,VILA MARIANA,ZM_u,success,1
sp_BARRA FUNDA_ZM_u_00866.png,-23.51635009655977,-46.67603862825232,BARRA FUNDA,ZM_u,success,0
sp_BARRA FUNDA_ZM_u_00867.png,-23.517645933642044,-46.65753098697598,BARRA FUNDA,ZM_u,success,0
sp_BARRA FUNDA_ZM_u_00868.png,-23.52439255882601,-46.663670184942056,BARRA FUNDA,ZM_u,success,0
sp_BARRA FUNDA_ZM_u_00869.png,-23.51761598487749,-46.66854048196843,BARRA FUNDA,ZM_u,success,0
sp_BARRA FUNDA_ZM_u_00870.png,-23.52202036610982,-46.67659365214091,BARRA FUNDA,ZM_u,success,0
sp_BARRA FUNDA_ZM_u_00871.png,-23.519771477523776,-46.65877945619059,BARRA FUNDA,ZM_u,success,0
sp_BARRA FUNDA_ZM_u_00872.png,-23.51488699857093,-46.68323945526271,BARRA FUNDA,ZM_u,success,0
sp_BARRA FUNDA_ZM_u_00873.png,-23.519482105006485,-46.670805593037,BARRA FUNDA,ZM_u,success,0
sp_BARRA FUNDA_ZM_u_00874.png,-23.517343488283696,-46.66325116181916,BARRA FUNDA,ZM_u,success,0
sp_BARRA FUNDA_ZM_u_00875.png,-23.517005494604035,-46.66415216710506,BARRA FUNDA,ZM_u,success,1
sp_BARRA FUNDA_ZM_u_00876.png,-23.527281471908704,-46.66979036998913,BARRA FUNDA,ZM_u,success,1
sp_BARRA FUNDA_ZM_u_00877.png,-23.52002405155588,-46.68038233040268,BARRA FUNDA,ZM_u,success,3
sp_BARRA FUNDA_ZM_u_00878.png,-23.520790136207147,-46.68373314281656,BARRA FUNDA,ZM_u,success,2
sp_BARRA FUNDA_ZM_u_00879.png,-23.525274985920216,-46.671316326427295,BARRA FUNDA,ZM_u,success,0
sp_JARDIM HELENA_ZEIS_1_00880.png,-23.47594641204616,-46.41754457134488,JARDIM HELENA,ZEIS_1,success,0
sp_JARDIM HELENA_ZEIS_1_00881.png,-23.47489106518957,-46.42866595883584,JARDIM HELENA,ZEIS_1,success,0
sp_JARDIM HELENA_ZEIS_1_00882.png,-23.49150477109852,-46.415616793644304,JARDIM HELENA,ZEIS_1,success,0
sp_JARDIM HELENA_ZEIS_1_00883.png,-23.486166489367243,-46.40674767213105,JARDIM HELENA,ZEIS_1,success,0
sp_JARDIM HELENA_ZEIS_1_00884.png,-23.47527718894674,-46.41250642800976,JARDIM HELENA,ZEIS_1,success,0
sp_JARDIM HELENA_ZEIS_1_00885.png,-23.486113352973792,-46.41262185216065,JARDIM HELENA,ZEIS_1,success,0
sp_JARDIM HELENA_ZEIS_1_00886.png,-23.49078602463267,-46.39597827112067,JARDIM HELENA,ZEIS_1,success,0
sp_JARDIM HELENA_ZEIS_1_00887.png,-23.48098733785101,-46.385541058283785,JARDIM HELENA,ZEIS_1,success,0
sp_JARDIM HELENA_ZEIS_1_00888.png,-23.47827826510481,-46.38551275589389,JARDIM HELENA,ZEIS_1,success,0
sp_JARDIM HELENA_ZEIS_2_00889.png,-23.47829383019961,-46.38146034243083,JARDIM HELENA,ZEIS_2,success,2
sp_SANTA CECILIA_ZEIS_3_00890.png,-23.52713514457973,-46.65724978457133,SANTA CECILIA,ZEIS_3,success,0
sp_VILA MATILDE_ZEIS_2_00891.png,-23.55070369626991,-46.51866138703922,VILA MATILDE,ZEIS_2,success,0
sp_VILA MATILDE_ZM_u_00892.png,-23.52975318030117,-46.50315640373305,VILA MATILDE,ZM_u,success,0
sp_VILA MATILDE_ZM_u_00893.png,-23.544104093662604,-46.525349409826326,VILA MATILDE,ZM_u,success,0
sp_PERUS_ZEIS_1_00894.png,-23.41384784397094,-46.75011923309372,PERUS,ZEIS_1,success,1
sp_PERUS_ZEIS_1_00895.png,-23.41658932875214,-46.747219800496296,PERUS,ZEIS_1,success,1
sp_PERUS_ZEIS_1_00896.png,-23.38963980217624,-46.73481202883183,PERUS,ZEIS_1,success,0
sp_PERUS_ZEIS_1_00897.png,-23.407659012988525,-46.74283799055107,PERUS,ZEIS_1,success,0
sp_PERUS_ZEIS_1_00898.png,-23.4048458030992,-46.7611504380188,PERUS,ZEIS_1,success,0
sp_PERUS_ZEIS_1_00899.png,-23.41973965154421,-46.71596556215497,PERUS,ZEIS_1,success,0
sp_PERUS_ZEIS_1_00900.png,-23.39731310948974,-46.75174534139108,PERUS,ZEIS_1,success,0
sp_PERUS_ZEIS_2_00901.png,-23.39023420545799,-46.73582466100906,PERUS,ZEIS_2,success,0
sp_PERUS_ZEIS_2_00902.png,-23.40328566205163,-46.74125190032291,PERUS,ZEIS_2,success,0
sp_PERUS_ZEIS_2_00903.png,-23.41973886290872,-46.74816131479083,PERUS,ZEIS_2,success,0
sp_PERUS_ZEIS_2_00904.png,-23.40288554904921,-46.75782026373463,PERUS,ZEIS_2,success,0
sp_PERUS_ZEIS_2_00905.png,-23.40164561169012,-46.7649273166749,PERUS,ZEIS_2,success,0
sp_PERUS_ZEIS_2_00906.png,-23.399619429737392,-46.722099006994746,PERUS,ZEIS_2,success,0
sp_PERUS_ZMIS_u_00907.png,-23.399787991004988,-46.74310455273915,PERUS,ZMIS_u,success,0
sp_PERUS_ZM_a_00908.png,-23.430296872928817,-46.755815485817486,PERUS,ZM_a,success,0
sp_PERUS_ZM_a_00909.png,-23.394272193176267,-46.73160753873869,PERUS,ZM_a,success,0
sp_PERUS_ZM_a_00910.png,-23.40017523656689,-46.72936906154951,PERUS,ZM_a,success,0
sp_PERUS_ZM_a_00911.png,-23.399584105845545,-46.731870305540745,PERUS,ZM_a,success,0
sp_PERUS_ZM_a_00912.png,-23.39833146596256,-46.737546946932575,PERUS,ZM_a,success,0
sp_PERUS_ZM_a_00913.png,-23.396721016537,-46.722679633041736,PERUS,ZM_a,success,0
sp_PERUS_ZM_a_00914.png,-23.39563522149163,-46.73972688733463,PERUS,ZM_a,success,0
sp_PERUS_ZM_u_00915.png,-23.411191273618808,-46.73741308974829,PERUS,ZM_u,success,0
sp_PERUS_ZM_u_00916.png,-23.40779148039396,-46.738664922110274,PERUS,ZM_u,success,0
sp_PERUS_ZM_u_00917.png,-23.400309681522025,-46.75656386147786,PERUS,ZM_u,success,0
sp_PERUS_ZM_u_00918.png,-23.400516992950333,-46.72828833973729,PERUS,ZM_u,success,0
sp_ARTUR ALVIM_ZEIS_1_00919.png,-23.527399549534024,-46.4818568456972,ARTUR ALVIM,ZEIS_1,success,0
sp_ARTUR ALVIM_ZEIS_1_00920.png,-23.546958744076207,-46.486129415148746,ARTUR ALVIM,ZEIS_1,success,0
sp_ARTUR ALVIM_ZM_u_00921.png,-23.550457416521184,-46.485731215017374,ARTUR ALVIM,ZM_u,success,0
sp_ARTUR ALVIM_ZM_u_00922.png,-23.545997559402927,-46.47736452924169,ARTUR ALVIM,ZM_u,success,0
sp_CAMPO BELO_ZM_u_00923.png,-23.635924261461604,-46.66594396081416,CAMPO BELO,ZM_u,success,2
sp_JABAQUARA_ZEIS_1_00924.png,-23.66369265913036,-46.65641045847524,JABAQUARA,ZEIS_1,success,0
sp_JABAQUARA_ZEIS_1_00925.png,-23.663493151423243,-46.647945219398224,JABAQUARA,ZEIS_1,success,0
sp_JABAQUARA_ZEIS_1_00926.png,-23.67187247514819,-46.63359879869866,JABAQUARA,ZEIS_1,success,0
sp_JABAQUARA_ZEIS_1_00927.png,-23.667193571939567,-46.64133047321718,JABAQUARA,ZEIS_1,success,0
sp_JABAQUARA_ZEIS_1_00928.png,-23.67048642933389,-46.63949335687111,JABAQUARA,ZEIS_1,success,0
sp_JABAQUARA_ZEIS_1_00929.png,-23.666580719941283,-46.64617157745567,JABAQUARA,ZEIS_1,success,0
sp_JABAQUARA_ZEIS_3_00930.png,-23.66696772779047,-46.63465215313359,JABAQUARA,ZEIS_3,success,0
sp_JABAQUARA_ZM_u_00931.png,-23.66473759308866,-46.62997394031069,JABAQUARA,ZM_u,success,0
sp_JABAQUARA_ZM_u_00932.png,-23.641770580173564,-46.66003999167781,JABAQUARA,ZM_u,success,0
sp_JARDIM ANGELA_ZEIS_1_00933.png,-23.69957989718343,-46.78926785854049,JARDIM ANGELA,ZEIS_1,success,0
sp_JARDIM ANGELA_ZEIS_1_00934.png,-23.696837400458307,-46.79217216515036,JARDIM ANGELA,ZEIS_1,success,0
sp_JARDIM ANGELA_ZEIS_1_00935.png,-23.69680331302888,-46.79511339504472,JARDIM ANGELA,ZEIS_1,success,0
sp_JARDIM ANGELA_ZEIS_1_00936.png,-23.68050937397381,-46.753002372775136,JARDIM ANGELA,ZEIS_1,success,1
sp_JARDIM ANGELA_ZEIS_1_00937.png,-23.728448486566755,-46.7804693844416,JARDIM ANGELA,ZEIS_1,success,0
sp_JARDIM ANGELA_ZEIS_1_00938.png,-23.726292861565167,-46.76857265920004,JARDIM ANGELA,ZEIS_1,success,0
sp_JARDIM ANGELA_ZEIS_1_00939.png,-23.72104339812374,-46.75379045314247,JARDIM ANGELA,ZEIS_1,success,0
sp_JARDIM ANGELA_ZEIS_1_00940.png,-23.729102059317498,-46.75978321313576,JARDIM ANGELA,ZEIS_1,success,0
sp_JARDIM ANGELA_ZEIS_1_00941.png,-23.72361799338755,-46.76559423823068,JARDIM ANGELA,ZEIS_1,success,0
sp_JARDIM ANGELA_ZEIS_1_00942.png,-23.72913551828782,-46.75684120245607,JARDIM ANGELA,ZEIS_1,success,0
sp_JARDIM ANGELA_ZEIS_1_00943.png,-23.723685061939484,-46.75971047602103,JARDIM ANGELA,ZEIS_1,success,0
sp_JARDIM ANGELA_ZEIS_1_00944.png,-23.736272844442446,-46.787938935849006,JARDIM ANGELA,ZEIS_1,success,0
sp_JARDIM ANGELA_ZEIS_1_00945.png,-23.73359839005371,-46.78495990433853,JARDIM ANGELA,ZEIS_1,success,0
sp_JARDIM ANGELA_ZEIS_1_00946.png,-23.736408525703816,-46.776170396073205,JARDIM ANGELA,ZEIS_1,success,0
sp_JARDIM ANGELA_ZEIS_1_00947.png,-23.701097428454464,-46.7866106038005,JARDIM ANGELA,ZEIS_1,success,0
sp_JARDIM ANGELA_ZEIS_1_00948.png,-23.748304777311148,-46.77703026131856,JARDIM ANGELA,ZEIS_1,success,0
sp_JARDIM ANGELA_ZEIS_1_00949.png,-23.75157041405997,-46.77472806111531,JARDIM ANGELA,ZEIS_1,success,0
sp_JARDIM ANGELA_ZEIS_1_00950.png,-23.694998698518024,-46.77806036382268,JARDIM ANGELA,ZEIS_1,success,0
sp_JARDIM ANGELA_ZEIS_1_00951.png,-23.711794631135,-46.77715678211817,JARDIM ANGELA,ZEIS_1,success,0
sp_JARDIM ANGELA_ZEIS_1_00952.png,-23.71586601305214,-46.78050801155651,JARDIM ANGELA,ZEIS_1,success,0
sp_JARDIM ANGELA_ZEIS_1_00953.png,-23.68379400712813,-46.7639230963749,JARDIM ANGELA,ZEIS_1,success,0
sp_JARDIM ANGELA_ZEIS_1_00954.png,-23.683760473740044,-46.76686407941553,JARDIM ANGELA,ZEIS_1,success,0
sp_JARDIM ANGELA_ZEIS_1_00955.png,-23.736264856619027,-46.79206219370391,JARDIM ANGELA,ZEIS_1,success,0
sp_JARDIM ANGELA_ZEIS_1_00956.png,-23.73359048678516,-46.78908308380727,JARDIM ANGELA,ZEIS_1,success,0
sp_JARDIM ANGELA_ZEIS_1_00957.png,-23.68753132664579,-46.77980512064487,JARDIM ANGELA,ZEIS_1,success,1
sp_JARDIM ANGELA_ZEIS_1_00958.png,-23.687463590866567,-46.78568719788344,JARDIM ANGELA,ZEIS_1,success,0
sp_JARDIM ANGELA_ZEIS_1_00959.png,-23.68756511082088,-46.77686407381539,JARDIM ANGELA,ZEIS_1,success,0
sp_JARDIM ANGELA_ZEIS_1_00960.png,-23.68549657053221,-46.75830959604957,JARDIM ANGELA,ZEIS_1,success,0
sp_JARDIM ANGELA_ZEIS_1_00961.png,-23.69091894967266,-46.767981048491365,JARDIM ANGELA,ZEIS_1,success,0
sp_JARDIM ANGELA_ZEIS_1_00962.png,-23.69816074149577,-46.76033804686539,JARDIM ANGELA,ZEIS_1,success,0
sp_JARDIM ANGELA_ZEIS_1_00963.png,-23.70083576002844,-46.763315752878455,JARDIM ANGELA,ZEIS_1,success,0
sp_JARDIM ANGELA_ZEIS_1_00964.png,-23.731525118091227,-46.77292568559083,JARDIM ANGELA,ZEIS_1,success,1
sp_JARDIM ANGELA_ZEIS_2_00965.png,-23.67295249991176,-46.76118653216764,JARDIM ANGELA,ZEIS_2,success,0
sp_JARDIM ANGELA_ZEIS_4_00966.png,-23.69638139848048,-46.764689086255935,JARDIM ANGELA,ZEIS_4,success,0
sp_JARDIM ANGELA_ZEIS_4_00967.png,-23.69553491004489,-46.77045826318879,JARDIM ANGELA,ZEIS_4,success,0
sp_JARDIM ANGELA_ZEIS_4_00968.png,-23.70171323056816,-46.78714025418042,JARDIM ANGELA,ZEIS_4,success,0
sp_JARDIM ANGELA_ZEIS_4_00969.png,-23.70948686355989,-46.78403211943619,JARDIM ANGELA,ZEIS_4,success,0
sp_JARDIM ANGELA_ZEIS_4_00970.png,-23.731795149917,-46.7790369014674,JARDIM ANGELA,ZEIS_4,success,0
sp_JARDIM ANGELA_ZEIS_4_00971.png,-23.70692435689161,-46.77268111586356,JARDIM ANGELA,ZEIS_4,success,0
sp_JARDIM ANGELA_ZEIS_4_00972.png,-23.69470948653777,-46.76928476709445,JARDIM ANGELA,ZEIS_4,success,0
sp_JARDIM ANGELA_ZEIS_4_00973.png,-23.732463671021414,-46.76906746287329,JARDIM ANGELA,ZEIS_4,success,1
sp_JARDIM ANGELA_ZM_a_00974.png,-23.69965733157689,-46.77585615681223,JARDIM ANGELA,ZM_a,success,0
sp_JARDIM ANGELA_ZM_a_00975.png,-23.704961442240823,-46.78864933120094,JARDIM ANGELA,ZM_a,success,0
sp_BRAS_ZEIS_3_00976.png,-23.54492897787185,-46.61203888538793,BRAS,ZEIS_3,success,0
sp_PARQUE DO CARMO_ZEIS_1_00977.png,-23.58408142685725,-46.450058822363566,PARQUE DO CARMO,ZEIS_1,success,0
sp_PARQUE DO CARMO_ZEIS_1_00978.png,-23.57768264041227,-46.48514302225227,PARQUE DO CARMO,ZEIS_1,success,0
sp_PARQUE DO CARMO_ZEIS_1_00979.png,-23.56130253652242,-46.47227741604792,PARQUE DO CARMO,ZEIS_1,success,0
sp_PARQUE DO CARMO_ZEIS_1_00980.png,-23.575654625634392,-46.45180949777255,PARQUE DO CARMO,ZEIS_1,success,0
sp_PARQUE DO CARMO_ZEIS_5_00981.png,-23.563870042277536,-46.46480828245591,PARQUE DO CARMO,ZEIS_5,success,5
sp_PARQUE DO CARMO_ZM_a_00982.png,-23.58432749204875,-46.47788816586337,PARQUE DO CARMO,ZM_a,success,0
sp_PARQUE DO CARMO_ZM_a_00983.png,-23.5964726253438,-46.46139996264256,PARQUE DO CARMO,ZM_a,success,0
sp_JACANA_ZEIS_1_00984.png,-23.456534760873343,-46.57914046942068,JACANA,ZEIS_1,success,0
sp_JACANA_ZEIS_1_00985.png,-23.462798326238453,-46.57058201505454,JACANA,ZEIS_1,success,0
sp_JACANA_ZEIS_1_00986.png,-23.44139759709136,-46.56757074601401,JACANA,ZEIS_1,success,0
sp_JACANA_ZEIS_1_00987.png,-23.448517428020423,-46.57401699884163,JACANA,ZEIS_1,success,0
sp_JACANA_ZM_u_00988.png,-23.465757510975624,-46.58112393194374,JACANA,ZM_u,success,0
sp_JACANA_ZM_u_00989.png,-23.46385028631742,-46.58801841540439,JACANA,ZM_u,success,0
sp_SOCORRO_ZM_a_00990.png,-23.68830227456676,-46.706473137939504,SOCORRO,ZM_a,success,0
sp_SOCORRO_ZM_a_00991.png,-23.687857896820084,-46.70911566224191,SOCORRO,ZM_a,success,0
sp_PARI_ZM_u_00992.png,-23.527262355895346,-46.62241182791393,PARI,ZM_u,success,0
sp_PARI_ZM_u_00993.png,-23.520904871418583,-46.62220723309096,PARI,ZM_u,success,0
sp_MARSILAC_ZEIS_1_00994.png,-23.88335974244607,-46.74062785396781,MARSILAC,ZEIS_1,success,0
sp_MARSILAC_ZEIS_1_00995.png,-23.87812575924115,-46.738598645631306,MARSILAC,ZEIS_1,success,0
sp_MARSILAC_ZEIS_1_00996.png,-23.87050386880908,-46.768185884205145,MARSILAC,ZEIS_1,success,0
sp_MARSILAC_ZM_a_00997.png,-23.909364700308824,-46.70505936461922,MARSILAC,ZM_a,success,0
sp_SE_ZEIS_3_00998.png,-23.552263409860423,-46.62822079127409,SE,ZEIS_3,success,0
sp_TUCURUVI_ZER_1_00999.png,-23.465756305235665,-46.612701769024646,TUCURUVI,ZER_1,success,1
